SalePageId,SalePageTitle,SaleProductDescShortContent,GMV,TotalQty
7678885,76酵母胺基酸淨膚潔顏露（防滑升級版）【鍾明軒．蔡頤榛推薦】,｜76酵母胺基酸淨膚潔顏露｜,1.8420264E7,10577
7586646,【母親節囤貨｜買4送2】76酵母胺基酸淨膚潔顏露 4入【送】潔膚巾(100pcs)2入 (珍珠紋 或 十字紋 款式隨機贈送)【鍾明軒推薦】,※超商取貨限購2組，3組以上因超過超商限制大小請選擇【宅配】配送,1.2962188E7,3412
7467074,76酵母胺基酸淨膚潔顏露（防滑升級版）2入【鍾明軒推薦】,｜76酵母胺基酸淨膚潔顏露｜,1.095723E7,5770
8036028,爽膚零油光｜76酵母胺基酸淨膚潔顏露+99控油保濕平衡乳【鍾明軒．蔡頤榛推薦】,｜爽膚零油光｜,7746125.0,3875
7550689,【買2送1】76酵母胺基酸淨膚潔顏露*2【送】100%純棉植物纖維潔膚巾(珍珠紋加厚版100pcs)【鍾明軒推薦】,｜健康好膚質的保養捷徑｜,6348824.0,3176
7467069,76酵母胺基酸淨膚潔顏露（防滑升級版）【鍾明軒推薦】,｜76酵母胺基酸淨膚潔顏露｜,6205680.0,5746
8539536,【女王節囤貨｜買4送2】76酵母胺基酸淨膚潔顏露+蜂王乳極潤修護精華露+黃金胜肽賦活精華+99控油保濕平衡乳 送 黃金修護白泡泡面膜50ML隨身瓶+76酵母胺基酸淨膚潔顏露30ML隨身瓶,｜混和肌必備組｜,5774496.0,1092
7576390,【油痘肌最愛】黃金修護白泡泡面膜+76酵母胺基酸淨膚潔顏露【鍾明軒．蔡頤榛推薦】,無皂鹼、無刺激性介面劑的溫和保養級潔顏露,4885556.0,2444
7993561,洗臉好夥伴｜光感淨透洗臉機（聲波導入版）+ 76酵母胺基酸淨膚潔顏露【鍾明軒推薦】,｜洗臉好夥伴｜,4452975.0,2025
7941791,混和肌推薦｜76酵母胺基酸淨膚潔顏露+黃金修護白泡泡面膜+蜂王乳極潤修護精華露+黃金胜肽賦活精華+99控油保濕平衡乳【王凱推薦】,｜混和肌推薦｜,4430333.0,761
8128607,【母親節囤貨｜買4送2】76酵母胺基酸淨膚潔顏露 2入 +99控油保濕平衡乳 2入 送 潔膚巾(100pcs)2入 (珍珠紋 或 十字紋 款式隨機贈送)【鍾明軒推薦】,※贈品-珍珠紋潔膚巾與舒敏款潔膚巾，隨機發贈,3751062.0,938
7552856,全方位大掃除專用四寶組（萬用清潔噴霧+黑皂寶+神奇檸檬泡泡+酵素洗碗泡泡）各一瓶,,3341490.0,3593
8187452,【淨膚補水組】藍銅玻尿酸保濕修復精華+76酵母胺基酸淨膚潔顏露【鍾明軒．蔡頤榛推薦】,｜藍銅玻尿酸保濕修復精華｜,3243552.0,1248
8191446,【爆水小藍瓶】藍銅玻尿酸保濕修復精華【謝京穎推薦】,｜藍銅玻尿酸保濕修復精華｜,2920336.0,1073
8126188,外油內乾超淨化｜黃金修護白泡泡面膜+76酵母胺基酸淨膚潔顏露+99控油保濕平衡乳【鍾明軒．蔡頤榛推薦】,無皂鹼、無刺激性介面劑的溫和保養級潔顏露,2738120.0,889
7183547,黃金胜肽賦活精華【鄭亦真推薦】,｜黃金胜肽賦活精華｜,2735040.0,1628
7910885,【混和肌救星】99控油保濕平衡乳【黃上晏推薦】,｜99控油保濕平衡乳｜,2519040.0,1968
8192135,【爆水小藍瓶】藍銅玻尿酸保濕修復精華【謝京穎推薦】,｜藍銅玻尿酸保濕修復精華｜,2435400.0,1230
7774661,保濕淨化透光組｜76酵母胺基酸淨膚潔顏露+黃金胜肽賦活精華【鍾明軒．蔡頤榛推薦】,｜保濕淨化透光組｜,2391282.0,1018
8536052,【控油淨荳組｜新春買4送3】99控油保濕平衡乳+45淨化毛孔調理安瓶+76酵母胺基酸淨膚潔顏露+黃金修護白泡泡面膜 送 美白調理平衡露30g隨身瓶＋76酵母胺基酸淨膚潔顏露30g隨身瓶+琥珀酸喚膚粉刺泥膜30g隨身瓶 【11點熱吵店推薦．高效粉刺黑武士．新一代喚膚權威】,｜控油淨荳組｜,2345568.0,461
7353241,黃金修護白泡泡面膜【毛孔吸塵器．11點熱吵店推薦】,｜黃金修護白泡泡面膜｜,2026240.0,1583
7904452,【混和肌救星】99控油保濕平衡乳【黃上晏推薦】,｜99控油保濕平衡乳｜,1997059.0,987
8540842,【新春購｜+$188多一件】熱療撫紋導入儀（音波震動版）+黃金胜肽賦活精華-10ml隨身瓶【夏宇禾．鄭亦真推薦】,｜熱療撫紋導入儀｜,1910964.0,1023
7534157,76酵母胺基酸淨膚潔顏露-30G隨身瓶【鍾明軒推薦】,｜76酵母胺基酸淨膚潔顏露｜,1852492.0,5308
8188979,【清潔保濕組】藍銅玻尿酸保濕修復精華+76酵母胺基酸淨膚潔顏露+蜂王乳極潤修護精華露【鍾明軒．蔡頤榛推薦】,｜藍銅玻尿酸保濕修復精華｜,1718560.0,467
7761995,毛孔極淨組｜45淨化毛孔調理安瓶+76酵母胺基酸淨膚潔顏露【11點熱吵店推薦．高效粉刺黑武士．新一代喚膚權威】,｜毛孔極淨組｜,1700190.0,810
7747431,黃金胜肽賦活精華【鄭亦真推薦】,｜黃金胜肽賦活精華｜,1666846.0,711
8240571,神奇的檸檬~對付水垢用的泡泡噴霧500g（1個噴瓶+3個補充瓶）,特殊檸檬酸泡泡配方，能有效將水垢緊緊包覆，破壞及軟化水垢，速效除垢，無異味不傷手，水垢一噴即BYE，光亮超有感。,1644750.0,3225
7397667,蜂王乳極潤修護精華露【保濕潤膚推薦】,｜蜂王乳極潤修護精華露｜,1579520.0,1234
7789118,【高效粉刺黑武士．新一代喚膚權威】45淨化毛孔調理安瓶【11點熱吵店．王凱推薦】,｜45淨化毛孔調理安瓶｜,1573200.0,1140
8282166,【限時加贈】76酵母胺基酸淨膚潔顏露（二入）+黃金修護白泡泡面膜+黃金胜肽賦活精華 【鄭亦真推薦】,潔顏露－淨化髒汙修復肌膚，締造澄淨細緻,1557829.0,371
8536428,【抗老輕護組｜新春買4送3】一夜透亮活膚精露+蜂王乳極潤修護精華露+76酵母胺基酸淨膚潔顏露+藍銅玻尿酸保濕修復精華 送 黃金胜肽賦活精華隨身瓶10ml+冰原花后賦活修護乳霜隨身瓶10g+76酵母胺基酸淨膚潔顏露隨身瓶30ml,｜抗老輕護組｜,1536024.0,223
5588692,慈禧御用玉容散深層嫩白水凝乳100ml（兩瓶優惠組）,蘊含了來自大自然的無患子及慈禧養顏美容成份玉容散，搭配多種植物萃取成分， 具深層保濕、緊緻白皙、平衡油脂。使肌膚更加白皙有光滑，細緻有彈性，擁有水嫩亮白和細緻的好膚感。,1532720.0,3332
7397721,No.1極致彈潤水能量｜黃金胜肽賦活精華+蜂王乳極潤修護精華露,｜No.1極致彈潤水能量｜,1514394.0,606
7508330,【淨膚修復機能組】76酵母胺基酸淨膚潔顏露+蜂王乳極潤修護精華露【蔡頤榛推薦】,｜淨膚修復機能組｜,1511244.0,756
8179152,【新春搶購】黃金胜肽緊緻電波眼霜(高保濕震動導入版)【黃金電熨斗．一代女王推薦】,｜黃金胜肽緊緻電波眼霜｜,1505358.0,1371
8614627,【油田攻略組】99控油保濕平衡乳+45淨化毛孔調理安瓶+76酵母胺基酸淨膚潔顏露+黃金修護白泡泡面膜 【11點熱吵店推薦．高效粉刺黑武士．新一代喚膚權威】,潔顏露，淨化毛孔髒汙，暢通保養渠道,1375720.0,300
6479212,全植物成份~古法冷製橄欖黑皂寶1000g（一瓶）,橄欖皂液(有ECOCERT天然認證),1369350.0,3043
6483836,全植物成份~古法冷製橄欖黑皂寶1000g（三瓶優惠）,橄欖皂液(有ECOCERT天然認證),1323650.0,1151
8536268,【保濕修復組｜新春買4送3】76酵母胺基酸淨膚潔顏露+冰原花后賦活修護乳霜+藍銅玻尿酸保濕修復精華+黃金胜肽緊緻電波眼霜(高保濕震動導入版)【送】超導水藍銅修復面膜30G隨身瓶+蜂王乳極潤修護精華露30ml+黃金胜肽賦活精華10ml隨身瓶【鍾明軒推薦】,｜保濕修復組｜,1288056.0,187
7904610,油肌大三角｜99控油保濕平衡乳 + 45淨化毛孔調理安瓶 + 76酵母胺基酸淨膚潔顏露【11點熱吵店推薦．高效粉刺黑武士．新一代喚膚權威】,｜毛孔極淨組｜,1272000.0,400
8187583,【超導淨潤組】藍銅玻尿酸保濕修復精華+光感淨透洗臉機（聲波導入版）+ 76酵母胺基酸淨膚潔顏露【蔡頤榛推薦】,｜藍銅玻尿酸保濕修復精華｜,1270500.0,330
8168721,抗老修護推薦｜76酵母胺基酸淨膚潔顏露+蜂王乳極潤修護精華露+黃金胜肽賦活精華+黃金胜肽電波眼霜+冰原花后賦活修護乳霜,※眼霜有「冰鎮陶瓷按摩頭」與「鋅合金按摩頭」，兩款皆屬TRUU正確商品，使用功效相同。,1236312.0,188
7761063,【高效粉刺黑武士．新一代喚膚權威】45淨化毛孔調理安瓶【11點熱吵店．王凱推薦】,｜45淨化毛孔調理安瓶｜,1223997.0,639
8149228,【海外免運】黃金修護白泡泡面膜 2入+76酵母胺基酸淨膚潔顏露2入 +99控油保濕平衡乳2入 送 保濕輕旅5件組,無皂鹼、無刺激性介面劑的溫和保養級潔顏露,1175832.0,168
8188739,【保濕控油組】藍銅玻尿酸保濕修復精華+99控油保濕平衡乳【黃上晏．謝京穎推薦】,｜藍銅玻尿酸保濕修復精華｜,1173160.0,422
7762003,油痘粉刺攻略｜黃金修護白泡泡面膜+76酵母胺基酸淨膚潔顏露+45淨化毛孔調理安瓶【蔡頤榛推薦．新一代喚膚權威】,無皂鹼、無刺激性介面劑的溫和保養級潔顏露,1154340.0,363
7714326,密羅木瞬效賦活精華露100ml保濕肌膚能量滿分（兩瓶優惠）,不含MI/MCI、Paraben類防腐劑、人工香精、色素,1144710.0,1449
7940329,油性肌推薦｜76酵母胺基酸淨膚潔顏露+面膜2擇1+美白調理平衡露+45淨化毛孔調理安瓶＋乳霜乳液2擇1,｜油性肌推薦｜,1142780.0,220
8558597,頂級藍銅肌因修復精華+76酵母胺基酸淨膚潔顏露【鍾明軒推薦】,｜頂級藍銅肌因修復精華｜,1141619.0,331
7260922,黃金胜肽緊緻電波眼霜(高保濕震動導入版)【黃金電熨斗．一代女王推薦】,※眼霜有「冰鎮陶瓷按摩頭」與「鋅合金按摩頭」，兩款皆屬TRUU正確商品，使用功效相同。,1134080.0,886
7115829,神奇的檸檬~對付水垢用的泡泡噴霧500g（4個噴瓶）,特殊檸檬酸泡泡配方，能有效將水垢緊緊包覆，破壞及軟化水垢，速效除垢，無異味不傷手，水垢一噴即BYE，光亮超有感。,1131312.0,1924
7882295,【買5送4｜油肌囤貨組】76酵母胺基酸淨膚潔顏露 3入+ 黃金修護白泡泡面膜 2入【贈】冰原花后修復安瓶面膜 4入（生物纖維面膜）,無皂鹼、無刺激性介面劑的溫和保養級潔顏露,1130805.0,195
6820470,神奇的檸檬~對付水垢用的泡泡噴霧500g（1個噴瓶+1個補充瓶）,特殊檸檬酸泡泡配方，能有效將水垢緊緊包覆，破壞及軟化水垢，速效除垢，無異味不傷手，水垢一噴即BYE，光亮超有感。,1117380.0,3386
8213228,【好4成雙｜買4送2】藍銅玻尿酸保濕修復精華2入+76酵母胺基酸淨膚潔顏露2入 送  100%純棉植物纖維潔膚巾(珍珠紋加厚版100pcs) 2入【娘娘 · 蔡頤榛推薦】,潔顏露淨化毛孔，去除多餘油脂,1086591.0,209
8303002,超導水藍銅修復面膜+藍銅玻尿酸保濕修復精華+76酵母胺基酸淨膚潔顏露【鍾明軒．蔡頤榛推薦】,｜超導水藍銅修復面膜｜,1086211.0,271
8523100,熱療撫紋導入儀（音波震動版）,｜熱療撫紋導入儀（音波震動版）｜,1072328.0,426
7510407,小強掰　怪味掰 居家萬用清潔噴霧500g（噴霧瓶+補充瓶各一）,,1067040.0,2736
8534767,【藍銅系列保濕組｜新春買4送2】超導水藍銅修復面膜+藍銅玻尿酸保濕修復精華+76酵母胺基酸淨膚潔顏露+蜂王乳極潤修護精華露 送 蜂王乳極潤修護精華露30ml隨身瓶+黃金修護白泡泡面膜50ML隨身瓶【小姐不熙娣．鍾明軒推薦】,｜藍銅系列保濕組｜,1064992.0,184
8519712,一夜透亮活膚精露+熱療撫紋導入儀（音波震動版）,｜一夜透亮活膚精露｜,1059680.0,296
8271899,果然有酵！硬繭軟嫩嫩 手足修護霜100g(兩瓶),90%*以上天然來源成分,1057920.0,2204
8558584,頂級藍銅肌因修復精華【最高濃度5000ppm】,｜頂級藍銅肌因修復精華｜,1055330.0,284
8523606,一夜透亮活膚精露+熱療撫紋導入儀（音波震動版）+76酵母胺基酸淨膚潔顏露+藍銅玻尿酸保濕修復精華,76潔顏露，修復洗淨毛孔髒汙與油膩,1042929.0,171
7875124,潔膚首選｜光感淨透洗臉機（聲波導入版）,｜光感淨透洗臉機｜,1037691.0,533
7745864,黃金修護白泡泡面膜【毛孔吸塵器．11點熱吵店推薦】,｜黃金修護白泡泡面膜｜,1021144.0,568
8174743,淨荳緊潤組｜黃金修護白泡泡面膜+76酵母胺基酸淨膚潔顏露+黃金胜肽賦活精華【鍾明軒．鄭亦真推薦】,潔顏露－淨化髒汙修復肌膚，締造澄淨細緻,1008253.0,294
8598513,【極潤撫紋組｜新春買6送5】一夜透亮活膚精露+頂級藍銅肌因修復精華+熱療撫紋導入儀（音波震動版）+蜂王乳極潤修護精華露+76酵母胺基酸淨膚潔顏露+冰原花后賦活修護乳霜 送 頂級藍銅肌因修復精華7ml+冰原花后賦活修護乳霜10g+76酵母胺基酸淨膚潔顏露30g+黃金胜肽賦活精華-10ml+一夜透亮活膚精露-10ml,｜極潤撫紋組｜,1006992.0,84
7928586,【美白淨透組】76酵母胺基酸淨膚潔顏露+美白褪黑精華升級版【蔡頤榛推薦】,｜美白淨透組｜,998325.0,425
6820479,神奇的檸檬~對付水垢用的泡泡噴霧500g（4個補充瓶）,嚴選食品檸檬酸與無患子植物性泡泡,970555.0,1945
7940231,乾敏肌推薦｜76酵母胺基酸淨膚潔顏露+黑鑽松露金緻抗老面膜+蜂王乳極潤修護精華露+黃金胜肽賦活精華＋日霜乳霜2擇1,｜乾敏肌推薦｜,953674.0,143
8558586,頂級藍銅肌因修復精華【最高濃度5000ppm】,｜頂級藍銅肌因修復精華｜,953600.0,320
8591130,【精華液任選｜買3送3】藍銅玻尿酸保濕修復精華+(褪黑美白精華升級版/45淨化毛孔調理安瓶/黃金胜肽賦活精華)3擇2 送 黃金胜肽賦活精華-10ml隨身瓶+76酵母胺基酸淨膚潔顏露-30G隨身瓶+蜂王乳極潤修護精華露-30ML隨身瓶,※美白精華瓶器異動中，原始小黑瓶與滴管式白色瓶器皆為正確商品，敬請見諒※,934860.0,177
7368848,雙精萃蜂王奇蹟日霜SPF35★★【11點熱吵店推薦】,｜雙精萃蜂王奇蹟日霜SPF35★★｜,922880.0,721
8169176,怯斑美白推薦｜76酵母胺基酸淨膚潔顏露+化妝水 2擇1+褪黑美白精華升級版+乳霜/日霜 2擇1【謝京穎推薦】,※美白精華瓶器異動中，原始小黑瓶與滴管式白色瓶器皆為正確商品，敬請見諒※,920401.0,199
8044423,【APP獨享禮遇】99控油保濕平衡乳（兩入）【黃上晏推薦．混和肌救星】,｜99控油保濕平衡乳｜,915474.0,426
7937321,76酵母胺基酸淨膚潔顏露+雙精萃蜂王奇蹟日霜SPF35★★【11點熱吵店推薦】,｜潤白防曬美肌組｜,899550.0,450
7183641,黃金胜肽賦活精華(兩入)【蘇心甯．鄭亦真推薦】,｜黃金胜肽賦活精華｜,896980.0,301
8179157,【新春搶購】雙精萃蜂王奇蹟日霜SPF35★★【11點熱吵店．夏宇禾推薦】,｜雙精萃蜂王奇蹟日霜SPF35★★｜,894870.0,815
8523500,一夜透亮活膚精露【7大天然植萃精油】,｜一夜透亮活膚精露｜,880322.0,264
7679017,黃金胜肽緊緻電波眼霜(高保濕震動導入版)【黃金電熨斗．一代女王推薦】,※眼霜有「冰鎮陶瓷按摩頭」與「鋅合金按摩頭」，兩款皆屬TRUU正確商品，使用功效相同。,871040.0,512
7554352,【全新冰原花后系列】冰原花后賦活修護乳霜,｜冰原花后賦活修護乳霜｜,860560.0,347
7904465,【混和肌救星】99控油保濕平衡乳（兩入）【黃上晏推薦】,｜99控油保濕平衡乳｜,853212.0,388
7993605,潔顏養膚3部曲｜光感淨透洗臉機（聲波導入版）+ 76酵母胺基酸淨膚潔顏露＋精華液5擇1,｜潔顏養膚3部曲｜,848790.0,234
7923130,褪黑美白精華升級版【謝京穎推薦】,※美白精華瓶器異動中，原始小黑瓶與滴管式白色瓶器皆為正確商品，敬請見諒※,843360.0,502
7367322,一朵朵~黑白髮都美麗的染髮霜60ml（蜂蜜栗子）多盒任選更便宜,選用PTD做為過色劑，無臭味、不刺激、不破壞髮質，輕鬆上色。,804720.0,1916
6845313,活力元氣~甜橙精油天然蠟燭200ml/6.76 oz（任選三件85折）,實測可燃燒超過36小時,802990.0,1361
7428238,【廠商直送】ESTEE LAUDER特潤超導全方位修護露100ml(平行輸入),全新升級小棕瓶,787508.0,313
8231751,專為敏感肌及寶寶設計的萬用舒緩霜180g（兩罐優惠）脫屑乾癢、紅屁屁用的寶寶霜,乾燥脫皮泛紅肌膚,776640.0,1618
8146484,【買3送2｜保濕輕旅組】黃金胜肽賦活精華-10ml隨身瓶+76酵母胺基酸淨膚潔顏露-30g隨身瓶+蜂王乳極潤修護精華露-30ml隨身瓶【送】冰原花后修復安瓶面膜+手提收納包,※手提收納包內不含保養品,765111.0,589
7924570,【牛奶肌3件組】美白調理平衡露+褪黑美白精華升級版+99控油保濕平衡乳【謝京穎推薦】,※美白精華瓶器異動中，原始小黑瓶與滴管式白色瓶器皆為正確商品，敬請見諒※,762540.0,213
7135358,微遮瑕潤色 奈米級物理防曬乳SPF50+，控油柔膚配方30ml 多件任選更優惠,無添加香料、色素、酒精,750240.0,3126
6655291,濃縮洗衣精補充包1600ml 自由配（單包150元，任選五包599元）無香/小蒼蘭/香檸抗菌/橘油去汙,無香-成分純淨簡單，無香精、無色素，溫和安心洗淨,745500.0,4970
8127444,【新春搶購】蜂王乳極潤修護精華露【夏宇禾推薦】,｜蜂王乳極潤修護精華露｜,743346.0,677
7825716,蜂王乳極潤修護精華露【保濕潤膚推薦】,｜蜂王乳極潤修護精華露｜,738663.0,359
7761988,【高效粉刺黑武士．新一代喚膚權威】45淨化毛孔調理安瓶（兩入）,｜45淨化毛孔調理安瓶｜,729296.0,304
7928740,潔膚首選｜光感淨透洗臉機（聲波導入版）,｜光感淨透洗臉機｜,720760.0,487
7627537,蜂王青春 臉部緊緻保濕乳液60ml（兩瓶優惠）全膚質適用 維持粉嫩,皮膚亮白、修復肌膚、強化肌膚、留住水份、撫平皺紋,720200.0,1108
7353346,黃金修護白泡泡面膜(兩入)【毛孔吸塵器．11點熱吵店推薦】,｜黃金修護白泡泡面膜｜,697083.0,317
4605710,頂級香蓮植物胎盤精華100ml（買一送一）,天然頂級蓮花胎盤精華打造光滑細緻肌,680400.0,1890
8282271,【人氣潔護組｜買3送2】光感淨透洗臉機（聲波導入版）+ 76酵母胺基酸淨膚潔顏露+黃金胜肽賦活精華【送】76酵母胺基酸淨膚潔顏露-30G隨身瓶+黃金胜肽賦活精華-10ml隨身瓶,｜76酵母胺基酸淨膚潔顏露｜,674160.0,159
8522342,熱療撫紋導入儀（音波震動版）,｜熱療撫紋導入儀（音波震動版）｜,658560.0,392
7924459,褪黑美白精華升級版【謝京穎推薦】,※美白精華瓶器異動中，原始小黑瓶與滴管式白色瓶器皆為正確商品，敬請見諒※,653480.0,297
7756332,【買5送4｜包郵豪華組】黃金修護白泡泡面膜+76酵母胺基酸淨膚潔顏露+黃金胜肽賦活精華+黃金胜肽緊緻電波眼霜(高保濕震動導入版)+雙精萃蜂王奇蹟日霜SPF35★★【送】冰原花后修復安瓶面膜 4片,※眼霜有「冰鎮陶瓷按摩頭」與「鋅合金按摩頭」，兩款皆屬TRUU正確商品，使用功效相同。,650895.0,105
8563533,【新春購｜+$188多一件】黃金修護白泡泡面膜+76酵母胺基酸淨膚潔顏露隨身瓶 30g【鍾明軒推薦】,無皂鹼、無刺激性介面劑的溫和保養級潔顏露,650324.0,443
7265092,No.1黃金修護雙核心｜黃金胜肽賦活精華＋黃金胜肽緊緻電波眼霜(高保濕震動導入版)【黃金電熨斗．一代女王推薦】,※眼霜有「冰鎮陶瓷按摩頭」與「鋅合金按摩頭」，兩款皆屬TRUU正確商品，使用功效相同。,644742.0,258
8518508,一夜透亮活膚精露,｜一夜透亮活膚精露｜,639840.0,258
8519753,一夜透亮活膚精露+76酵母胺基酸淨膚潔顏露（防滑升級版）【鍾明軒．蔡頤榛推薦】,｜一夜透亮活膚精露｜,629790.0,210
7639808,【APP獨享禮遇】黃金胜肽緊緻電波眼霜(高保濕震動導入版)(兩入)【小明星大跟班推薦】,※眼霜有「冰鎮陶瓷按摩頭」與「鋅合金按摩頭」，兩款皆屬TRUU正確商品，使用功效相同。,621061.0,289
8558877,頂級藍銅肌因修復精華+超導水藍銅修復面膜+冰原花后賦活修護乳霜+76酵母胺基酸淨膚潔顏露（防滑升級版）【蔡頤榛推薦】,｜頂級藍銅肌因修復精華｜,618709.0,91
7841353,【美膚神仙水】美白調理平衡露,｜美白調理平衡露｜,615680.0,481
8524255,強健固髮洗髮露550g-不落方（單瓶優惠-方瓶任選兩瓶299元）,👩🏻‍🦰中性及油性髮質適用👩🏻‍🦰,607348.0,3052
8552132,【新春輕旅特惠】黃金修護白泡泡面膜-50ml隨身瓶+黃金胜肽賦活精華-10ml隨身瓶+76酵母胺基酸淨膚潔顏露-30g隨身瓶+蜂王乳極潤修護精華露-30ml隨身瓶【送】手提收納包,深層清潔後迅速保濕透亮,604344.0,338
7524820,【買5送1｜免運送76】黃金修護白泡泡面膜+美白調理平衡露+45淨化毛孔調理安瓶+黃金胜肽賦活精華+黃金胜肽緊緻電波眼霜(高保濕震動導入版)【送】76酵母胺基酸淨膚潔顏露 150G,※眼霜有「冰鎮陶瓷按摩頭」與「鋅合金按摩頭」，兩款皆屬TRUU正確商品，使用功效相同。,600213.0,87
7221095,寶貝招福平安二合一(泡泡浴露)400g（兩瓶）大自然來源度97%,pH5.5 不流淚配方,588240.0,1548
8526221,熱療撫紋導入儀（音波震動版）+(黃金胜肽賦活精華/藍銅玻尿酸保濕修復精華/褪黑美白精華升級版/頂級藍銅肌因修復精華)4擇1,※美白精華瓶器異動中，原始小黑瓶與滴管式白色瓶器皆為正確商品，敬請見諒※,584849.0,192
8187699,【修復注水組】藍銅玻尿酸保濕修復精華 +冰原花后賦活修護乳霜【全新冰原花后系列】【謝京穎推薦】,｜藍銅玻尿酸保濕修復精華｜,567000.0,150
8521169,一夜透亮活膚精露+熱療撫紋導入儀（音波震動版）+(黃金胜肽賦活精華/藍銅玻尿酸保濕修復精華/褪黑美白精華升級版/頂級藍銅肌因修復精華)4擇1,※美白精華瓶器異動中，原始小黑瓶與滴管式白色瓶器皆為正確商品，敬請見諒※,566348.0,109
6845319,舒眠安神輕奢~薰衣草精油香氛天然蠟燭200ml/6.76 oz（任選三件85折）,實測可燃燒超過36小時,556500.0,742
8558589,頂級藍銅肌因修復精華(兩入)【最高濃度5000ppm】,｜頂級藍銅肌因修復精華｜,553720.0,109
8187629,【高水感潤膚組】藍銅玻尿酸保濕修復精華+蜂王乳極潤修護精華露,｜藍銅玻尿酸保濕修復精華｜,553220.0,199
7468991,98.5%大馬士革玫瑰純露250ml（含玫瑰精油的純正花水）一瓶（任選三件85折）,,539850.0,915
8187222,【爆水小藍瓶】藍銅玻尿酸保濕修復精華 2入【謝京穎推薦】,｜藍銅玻尿酸保濕修復精華｜,527280.0,156
8192576,好吃的綠蜂膠+麥蘆卡蜂蜜噴劑30ml（兩瓶）轉式長噴嘴,45%蜂膠巴西綠蜂膠（生物類黃酮4%）,522720.0,594
8558820,頂級藍銅肌因修復精華+超導水藍銅修復面膜【最高濃度5000ppm】,｜頂級藍銅肌因修復精華｜,520463.0,137
8282024,【緊實光潤組｜買3送3】黃金修護白泡泡面膜+76酵母胺基酸淨膚潔顏露+黃金胜肽賦活精華 送 76酵母胺基酸淨膚潔顏露-30G隨身瓶+美白調理平衡露-30g隨身瓶＋100%純棉植物纖維潔膚巾(珍珠紋加厚版100pcs)【夏宇禾．鄭亦真推薦】,潔顏露－淨化髒汙修復肌膚，締造澄淨細緻,519870.0,130
8302647,超導水藍銅修復面膜+藍銅玻尿酸保濕修復精華【謝京穎推薦】,｜超導水藍銅修復面膜｜,515828.0,172
7366930,黃金喚活醒膚組｜黃金胜肽賦活精華+黃金修護白泡泡面膜【毛孔吸塵器 · 蘇心甯推薦】,｜黃金喚活醒膚組｜,512295.0,205
7596870,【日夜修護不間斷】雙精萃蜂王奇蹟日霜SPF35★★+冰原花后賦活修護乳霜【11點熱吵店推薦】,｜冰原花后賦活修護乳霜｜,511840.0,160
7888808,雙精萃蜂王奇蹟日霜SPF35★★【11點熱吵店推薦】,｜雙精萃蜂王奇蹟日霜SPF35★★｜,509197.0,261
7027227,招福平安沐浴露500g（五瓶超值）*,來自大自然的無患子皂素，搭配胺基酸潔膚成分。添加10種草本萃取與多種精油，溫柔泡泡包覆著每一寸敏感肌膚，讓你洗後感受多款安心草本的魔力。,496800.0,540
8271866,果然有酵！硬繭軟嫩嫩 手足修護霜100g(單瓶),90%*以上天然來源成分,491840.0,1696
8302595,超導水藍銅修復面膜【德國藍銅．冰沁修復】,｜超導水藍銅修復面膜｜,476560.0,322
7308249,潤姬桃子1.5g*30條,原廠正品 潤姬桃子,473600.0,370
7924502,【1＋1美白組】美白調理平衡露+褪黑美白精華升級版【謝京穎推薦】,※美白精華瓶器異動中，原始小黑瓶與滴管式白色瓶器皆為正確商品，敬請見諒※,472311.0,189
7924468,褪黑美白精華升級版（兩入）【謝京穎推薦】,※美白精華瓶器異動中，原始小黑瓶與滴管式白色瓶器皆為正確商品，敬請見諒※,441040.0,148
8227269,【豪華旅行組】76酵母胺基酸淨膚潔顏露30g+化妝水30ml 2擇1+精華液隨身瓶 4擇1+頂級山茶花黃金護唇膏+泥膜/泡泡面膜隨身瓶 2擇1+精油/乳霜隨身瓶 2擇1+冰原花后修復安瓶面膜+手提收納包,※手提收納包內不含保養品,439337.0,163
8520986,一夜透亮活膚精露+(蜂王乳極潤修護精華露/美白調理平衡露)2擇1+(黃金胜肽賦活精華/藍銅玻尿酸保濕修復精華/褪黑美白精華升級版)3擇1,※美白精華瓶器異動中，原始小黑瓶與滴管式白色瓶器皆為正確商品，敬請見諒※,438769.0,94
7982605,黃金胜肽賦活精華-10ml隨身瓶【蘇心甯．鄭亦真推薦】,｜黃金胜肽賦活精華隨身瓶｜,437553.0,797
8540770,【年中慶｜+$168多一件】45淨化毛孔調理安瓶+琥珀酸喚膚粉刺泥膜30g隨身瓶【11點熱吵店．王凱推薦】,｜45淨化毛孔調理安瓶｜,435904.0,278
7809292,毛孔油光救星｜美白調理平衡露 + 45淨化毛孔調理安瓶 + 76酵母胺基酸淨膚潔顏露【11點熱吵店推薦．高效粉刺黑武士．新一代喚膚權威】,｜毛孔油光救星｜,432480.0,136
7510419,小強掰　怪味掰 居家萬用清潔噴霧500g（噴霧瓶X3）,,427460.0,737
7924533,【亮白嫩膚組】99控油保濕平衡乳+褪黑美白精華升級版【謝京穎推薦】,※美白精華瓶器異動中，原始小黑瓶與滴管式白色瓶器皆為正確商品，敬請見諒※,424830.0,170
7576294,【熟齡肌必備】蜂王乳極潤修護精華露+黃金胜肽賦活精華+冰原花后賦活修護乳霜【鄭亦真推薦】,｜熟齡肌必備｜,423108.0,92
7468999,98.5%大馬士革玫瑰純露250ml（含玫瑰精油的純正花水）兩瓶,,408240.0,378
8567034,【精華液任選｜買3送2】頂級藍銅肌因修復精華+(一夜透亮活膚精露/高濃縮褪黑美白精華/黃金胜肽賦活精華)3擇2 送 頂級藍銅肌因修復精華-7ML隨身瓶+冰原花后賦活修護乳霜-10g隨身瓶,｜頂級藍銅肌因修復精華｜,403600.0,60
8591082,【精華液任選｜買3送3】頂級藍銅肌因修復精華+(一夜透亮活膚精露/高濃縮褪黑美白精華/黃金胜肽賦活精華)3擇2 送 高濃縮褪黑美白精華-10ML隨身瓶+藍銅玻尿酸保濕修復精華-10ML隨身瓶+黃金胜肽賦活精華-10ml隨身瓶,｜頂級藍銅肌因修復精華｜,401320.0,58
8302669,超導水藍銅修復面膜+76酵母胺基酸淨膚潔顏露【鍾明軒．蔡頤榛推薦】,｜超導水藍銅修復面膜｜,399714.0,186
7397688,蜂王乳極潤修護精華露(兩入)【保濕潤膚推薦】,｜蜂王乳極潤修護精華露｜,398019.0,181
8276796,【APP獨享禮遇】藍銅玻尿酸保濕修復精華【謝京穎推薦】,｜藍銅玻尿酸保濕修復精華｜,397580.0,206
8524340,一夜透亮活膚精露＋（黃金胜肽賦活精華／褪黑美白精華升級版／藍銅玻尿酸保濕修復精華 / 頂級藍銅肌因修復精華）精華液4擇1【7大天然植萃精油】,※美白精華瓶器異動中，原始小黑瓶與滴管式白色瓶器皆為正確商品，敬請見諒※,397360.0,105
8188719,【潤亮保濕組】藍銅玻尿酸保濕修復精華+雙精萃蜂王奇蹟日霜SPF35★★,｜藍銅玻尿酸保濕修復精華｜,394760.0,142
6770964,招福平安沐浴露500g（兩瓶優惠）,來自大自然的無患子皂素，搭配胺基酸潔膚成分。添加10種草本萃取與多種精油，溫柔泡泡包覆著每一寸敏感肌膚，讓你洗後感受多款安心草本的魔力。,394380.0,939
7756167,【買3送1｜包郵經濟組】黃金胜肽賦活精華＋黃金胜肽緊緻電波眼霜(高保濕震動導入版)+黃金修護白泡泡面膜【送】黑鑽松露金緻抗老面膜,※眼霜有「冰鎮陶瓷按摩頭」與「鋅合金按摩頭」，兩款皆屬TRUU正確商品，使用功效相同。,394320.0,93
8302576,超導水藍銅修復面膜【德國藍銅．冰沁修復】,｜超導水藍銅修復面膜｜,392757.0,201
8188864,【澎潤眼周組】藍銅玻尿酸保濕修復【謝京穎推薦】+黃金胜肽緊緻電波眼霜(高保濕震動導入版)【黃金電熨斗．一代女王推薦】,※眼霜有「冰鎮陶瓷按摩頭」與「鋅合金按摩頭」，兩款皆屬TRUU正確商品，使用功效相同。,391980.0,141
5176304,創新泡沫噴頭！無患子酵素泡泡 碗盤油汙洗潔液500g（一個噴瓶+一個補充瓶）-強去油！不咬手，植物洗淨好安心^^,強力去油，不傷手,383019.0,1281
8558801,頂級藍銅肌因修復精華+冰原花后賦活修護乳霜【最高濃度5000ppm】,｜頂級藍銅肌因修復精華｜,372000.0,80
6042603,九蒸九曝 秘傳以黑補黑 髮翳淨髮露550g-（單瓶優惠-方瓶任選兩瓶299元）,黑人蔘.黑色桔梗根.黑沙參.黑刺五加.黑大豆.黑米-具抗氧化能力，可活絡毛髮、強健髮根，減少秀髮受損與乾燥斷裂、強化髮質，防止髮絲分岔斷裂，使頭髮回復年輕光彩與青春的頭髮。,369543.0,1857
6950831,96.5%以上大自然成份的 招福平安淨化環境噴霧 300g（兩瓶）,可用於衣物/家中/辦公室/廁所等,367680.0,766
7366883,喚顏修護金三角｜黃金胜肽賦活精華＋黃金胜肽緊緻電波眼霜(高保濕震動導入版)+黃金修護白泡泡面膜【黃金電熨斗．一代女王推薦】,※眼霜有「冰鎮陶瓷按摩頭」與「鋅合金按摩頭」，兩款皆屬TRUU正確商品，使用功效相同。,361580.0,101
8577026,洋娃娃醇米胜肽眼霜15ml-睫毛蓬蓬 好亮眼（兩瓶優惠）,滋潤清爽好吸收，一瓶兩用,358720.0,608
8561126,速乾．光亮．抗菌的地板清潔劑1000ml❤️添加迷迭香尤加利精油（兩瓶）,📣全新瓶器，容量不變~好拿取、也好好看😍,353080.0,679
7928598,【潤白防曬美肌組】美白褪黑精華升級版+雙精萃蜂王奇蹟日霜SPF35★★【11點熱吵店推薦】,｜潤白防曬美肌組｜,349860.0,140
5176307,無患子酵素泡泡 碗盤油汙洗潔液500g（補充瓶*6）-強去油！不咬手，植物洗淨好安心^^,強力去油，不傷手,349842.0,586
7507705,【超值加價購】頂級山茶花黃金護唇膏,｜頂級山茶花黃金護唇膏｜,349300.0,700
7807242,【美膚神仙水】美白調理平衡露,｜美白調理平衡露｜,344512.0,194
7862760,高濃度三倍洗淨洗衣精1000ml-低敏配方（溫暖陽光香氛）+抗菌配方（青檸萊姆香氛）各一瓶,超高濃度，是市售洗衣精的三倍潔淨力,341700.0,1005
5477790,玫瑰甘露化妝水150ml（兩瓶省110元）,經測試，能促進肌膚新陳代謝,341020.0,578
8523595,一夜透亮活膚精露+熱療撫紋導入儀（音波震動版）+蜂王乳極潤修護精華露+黃金胜肽賦活精華 +冰原花后賦活修護乳霜【謝京穎推薦】,｜黃金胜肽賦活精華｜,340158.0,42
7998097,痘不逗留❤收口超快的抗痘舒緩修護精華乳30ml（兩罐優惠）,請塗在痘痘上，舒緩極佳,339900.0,618
8579275,媚比琳 飛天翹防水睫毛膏 (黑/暖棕),一刷睫毛立即逆天飛翹!,339150.0,850
6335386,耕心田 蘆薈保濕精華化妝水500ml （買一送一）,無添加酒精、色素、Paraben、MI/MCI防腐成份,330771.0,829
8271966,果然有酵！硬繭軟嫩嫩 手足修護霜100g（四瓶最優惠）,90%*以上天然來源成分,327850.0,395
7698801,【生物纖維面膜】冰原花后修復安瓶面膜 20入（1片＝5安瓶）,｜冰原花后修復安瓶面膜｜,327509.0,91
8555712,【超值加價購】黃金修護白泡泡面膜-50ML隨身瓶【毛孔吸塵器．11點熱吵店推薦】,｜黃金修護白泡泡面膜｜,325798.0,502
7895926,【美膚神仙水】美白調理平衡露-30G隨身瓶,｜美白調理平衡露隨身瓶｜,324786.0,814
8551953,【新春輕旅特惠】76酵母胺基酸淨膚潔顏露-30g隨身瓶+ 藍銅玻尿酸保濕修復精華-10ml隨身瓶+冰原花后賦活修護乳霜-10g隨身瓶+蜂王乳極潤修護精華露-30ml隨身瓶【送】手提收納包【小姐不熙娣．鍾明軒推薦】,潔顏露 - 淨化毛孔髒汙，暢通保養渠道,318264.0,178
7379789,全效修護奇肌組｜黃金胜肽賦活精華+雙精萃蜂王奇蹟日霜SPF35★★【11點熱吵店推薦】,｜全效修護奇肌組｜,317373.0,127
8561124,速乾．光亮．抗菌的地板清潔劑1000ml❤️添加迷迭香尤加利精油（一瓶）,📣全新瓶器，容量不變~好拿取、也好好看😍,312156.0,1044
8194589,【爆水小藍瓶】藍銅玻尿酸保濕修復精華-10ML隨身瓶【謝京穎推薦】,｜藍銅玻尿酸保濕修復精華 隨身瓶｜,311754.0,446
7639812,【APP獨享禮遇】冰原花后賦活修護乳霜【全新冰原花后系列】,｜冰原花后賦活修護乳霜｜,305661.0,139
8537040,【極潤撫紋組｜新春買6送5】一夜透亮活膚精露+頂級藍銅肌因修復精華+熱療撫紋導入儀（音波震動版）+蜂王乳極潤修護精華露+76酵母胺基酸淨膚潔顏露+冰原花后賦活修護乳霜 送 頂級藍銅肌因修復精華7ml+冰原花后賦活修護乳霜10g+76酵母胺基酸淨膚潔顏露30g+蜂王乳極潤修護精華露30g+超導水藍銅修復面膜30g,｜極潤撫紋組｜,299700.0,25
8566804,【精華液任選活動】藍銅玻尿酸保濕修復精華+(高濃縮褪黑美白精華/45淨化毛孔調理安瓶/黃金胜肽賦活精華)3擇2 送 黃金胜肽賦活精華-10ml隨身瓶+高濃縮褪黑美白精華-10ML隨身瓶,｜藍銅玻尿酸保濕修復精華｜,297480.0,57
7510396,小強掰　怪味掰 居家萬用清潔噴霧500g（噴霧瓶）任選三件85折,,297330.0,1122
7510429,小強掰　怪味掰 居家萬用清潔噴霧500g（補充瓶X3）無噴頭喔！,,295740.0,558
7534173,【超值加價購】100%純棉植物纖維潔膚巾 (珍珠紋加厚版100pcs),｜100%純棉植物纖維潔膚巾｜,289377.0,2923
7714311,密羅木瞬效賦活精華露100ml保濕肌膚能量滿分（一瓶）,不含MI/MCI、Paraben類防腐劑、人工香精、色素,285300.0,634
7381850,神奇的檸檬~對付水垢用的泡泡噴霧500g（1個慕絲噴霧瓶）任選三件85折,特殊檸檬酸泡泡配方，能有效將水垢緊緊包覆，破壞及軟化水垢，速效除垢，無異味不傷手，水垢一噴即BYE，光亮超有感。,284570.0,1430
8593208,【熱導緊膚體驗組】熱療撫紋導入儀（音波震動版）+黃金胜肽賦活精華-10ml隨身瓶+頂級藍銅肌因修復精華-7ml隨身瓶+一夜透亮活膚精露-10ml隨身瓶+(藍銅玻尿酸保濕修復精華-10ml隨身瓶/高濃縮褪黑美白精華-10ml隨身瓶) 2擇1+手提收納包,｜熱療撫紋導入儀（音波震動版）｜,279680.0,76
6378642,玫瑰純露洗髮精 480g（單瓶）另有精油洗髮任選兩瓶490元專區,●適合一般及中乾性髮質,274240.0,857
4913842,千金方洗髮露550g+九蒸九曝  髮翳淨髮露550g（方瓶）,"千金方:無矽靈,去屑控油 一洗搞定",273884.0,916
7260926,黃金胜肽緊緻電波眼霜(高保濕震動導入版)(兩入)【黃金電熨斗．一代女王推薦】,※眼霜有「冰鎮陶瓷按摩頭」與「鋅合金按摩頭」，兩款皆屬TRUU正確商品，使用功效相同。,272676.0,124
8541006,【新春購｜+$188多一件】頂級藍銅肌因修復精華+冰原花后賦活修護乳霜-10G隨身瓶【鄭亦真．夏宇禾推薦】,｜頂級藍銅肌因修復精華｜,272448.0,86
7534159,蜂王乳極潤修護精華露-30ML隨身瓶【國際名模推薦】,｜蜂王乳極潤修護精華露｜,269325.0,675
6042655,古寶無患子 薑萃草本滋養洗髮精華露550g（單瓶優惠-方瓶任選兩瓶299元）,無患子植物性皂素豐富細緻泡沫，溫和不易刺激肌,265864.0,1336
8512357,【聖誕限定買4送2】藍銅玻尿酸保濕修復精華+76酵母胺基酸淨膚潔顏露+蜂王乳極潤修護精華露+99控油保濕平衡乳 送 超導水藍銅修復面膜30g【小姐不熙娣+76酵母胺基酸淨膚潔顏露30g．鍾明軒推薦】,｜藍銅玻尿酸保濕修復精華｜,263952.0,48
7859776,【毛孔專家】琥珀酸喚膚粉刺泥膜,｜琥珀酸喚膚粉刺泥膜｜,262440.0,243
7865933,蟲新導航~居家三蟲最害怕的精油噴霧300ml（兩瓶優惠）,蟑螂：2小時／24小時，具有100%／93%忌避效果,258720.0,539
7698799,【生物纖維面膜】冰原花后修復安瓶面膜 10入（1片＝5安瓶）,｜冰原花后修復安瓶面膜｜,257871.0,129
7379860,保濕活潤晨間組｜黃金胜肽賦活精華＋黃金胜肽緊緻電波眼霜(高保濕震動導入版)+雙精萃蜂王奇蹟日霜SPF35★★【11點熱吵店．夏宇禾推薦】,※眼霜有「冰鎮陶瓷按摩頭」與「鋅合金按摩頭」，兩款皆屬TRUU正確商品，使用功效相同。,257760.0,72
8137790,亮色飽滿染後髮色❤️修護型洗髮精250g（兩瓶）,適合染髮過後兩週開始使用,257400.0,330
4585708,草本柔順滋養潤髮護髮精華320g-柔順飄逸 (一分鐘修護-沖洗式)（買一送一）,摩洛哥油：深度修護,257040.0,952
6950822,96.5%以上大自然成份的 招福平安淨化環境噴霧 300g（一瓶）（任選三件以上85折）,可用於衣物/家中/辦公室/廁所等,255982.0,859
8539711,【新春搶購】超導水藍銅修復面膜【德國藍銅．冰沁修復】,｜超導水藍銅修復面膜｜,253736.0,197
8303034,超導水藍銅修復面膜+藍銅玻尿酸保濕修復精華+冰原花后賦活修護乳霜【謝京穎推薦】,｜超導水藍銅修復面膜｜,252450.0,50
8504480,【冰原花后系列】冰原花后賦活修護乳霜-10g隨身瓶,｜冰原花后賦活修護乳霜 隨身瓶｜,251640.0,360
6379458,透白珍珠光 奈米級物理防曬乳SPF50+，控油柔膚配方30ml 多件任選更優惠,無添加香料、色素、酒精,246720.0,1028
7815016,媚比琳煙燻柔霧奶霜唇膏 (多款任選),「開架唇膏霸主」Maybelline New York全新「Color Sensational煙燻柔霧奶霜唇膏」絕美新登場！全新系列外殼採細長管身設計，優雅時尚；磨砂材質燙印銀色 logo細緻又高級；本次一共推出了包含#799煙燻焦糖等6款獨家煙燻色選，全部都是大勢紅棕色調霸氣又時尚！更添加荷荷巴油精萃與維他命E，有效滋潤及修護你的乾燥唇，一抹輕霧，卻柔滑絕不拔乾！是乾唇人也可以駕馭的霧面唇膏！,242555.0,695
7823999,【毛孔專家｜買2送1淨膚組】琥珀酸喚膚粉刺泥膜 + 76酵母胺基酸淨膚潔顏露【贈】100%純棉植物纖維潔膚巾(珍珠紋加厚版100pcs),｜買二送一淨膚組｜,241879.0,121
7851958,【毛孔吸塵器．11點熱吵店推薦】黃金修護白泡泡面膜-50ML隨身瓶,｜黃金修護白泡泡面膜｜,241800.0,310
4586151,寶貝嬰兒舒緩二合一(泡泡浴露)400g（買一送一）,不含化學人工香精、皂鹼不含石化界面活性劑、不流淚、不刺激,239400.0,684
8146988,【買3送2｜喚顏養膚組】黃金修護白泡泡面膜-50ml隨身瓶+黃金胜肽賦活精華-10ml隨身瓶+76酵母胺基酸淨膚潔顏露-30g隨身瓶【送】冰原花后修復安瓶面膜+手提收納包,※手提收納包內不含保養品,235053.0,147
4605711,慈禧御用玉容散深層嫩白水凝乳100ml（任選三件85折）,蘊含了來自大自然的無患子及慈禧養顏美容成份玉容散，搭配多種植物萃取成分， 具深層保濕、緊緻白皙、平衡油脂。使肌膚更加白皙有光滑，細緻有彈性，擁有水嫩亮白和細緻的好膚感。,233801.0,809
7627530,蜂王青春 臉部緊緻保濕乳液60ml（一瓶）全膚質適用 維持粉嫩,皮膚亮白、修復肌膚、強化肌膚、留住水份、撫平皺紋,231420.0,609
8245794,淨嫩白皙組｜黑鑽松露金緻抗老面膜+76酵母胺基酸淨膚潔顏露,｜黑鑽松露金緻抗老面膜｜,229885.0,115
8271804,一朵朵~很襯膚色的黑髮專用染髮霜60ml（奶茶楓糖）多盒任選更便宜,選用PTD做為過色劑，無臭味、不刺激、不破壞髮質，輕鬆上色。,229320.0,546
5477793,玫瑰甘露化妝水150ml（四瓶省410元）,經測試，能促進肌膚新陳代謝,226710.0,229
8146926,【買3送2｜控油輕旅組】美白調理平衡露30g隨身瓶＋76酵母胺基酸淨膚潔顏露-30g隨身瓶+琥珀酸喚膚粉刺泥膜-30g隨身瓶【送】冰原花后修復安瓶面膜+手提收納包,※手提收納包內不含保養品,226069.0,181
7576247,【乾性肌神器】蜂王乳極潤修護精華露+冰原花后賦活修護乳霜【保濕潤膚推薦】,｜乾性肌神器｜,223930.0,70
8245724,黑鑽松露金緻抗老面膜【修復抗老巔峰】,｜黑鑽松露金緻抗老面膜｜,222720.0,174
7275416,中衛醫療口罩50入-多款任選,表層具潑水效果,220020.0,749
6988715,自然綻放 野芒果潤唇膏3.4g（兩支優惠）,,219240.0,522
7152537,招財納福檀木薰香沐浴露500g（兩瓶優惠）,來自大自然的無患子皂素，搭配胺基酸潔膚成分。添加多種草本萃取與多種精油，溫柔泡泡包覆著每一寸敏感肌膚，讓你洗後感受多款暖心草本的魔力。,218820.0,521
7916701,SPA級潔顏養肌｜光感淨透洗臉機（聲波導入版）+ 76酵母胺基酸淨膚潔顏露【贈】冰原花后修復安瓶面膜 (1片=5安瓶)【蔡頤榛推薦】,｜SPA級潔顏養肌｜,218309.0,91
7164951,96.5%以上大自然成份的 招福平安淨化環境噴霧 1000g一瓶+連續噴霧瓶一個（任選三件以上85折）,可用於衣物/家中/辦公室/廁所等,217389.0,311
6716384,無患子萃取高濃度三倍洗淨無香洗衣精1000g（補充瓶*4）新瓶口,塑膠使用減少70%,215180.0,406
7807243,【美膚神仙水】美白調理平衡露 兩入,｜美白調理平衡露｜,213303.0,97
7904587,【控油養膚組】99控油保濕平衡乳+琥珀酸喚膚粉刺泥膜【娘娘．阿本推薦】,｜控油養膚組｜,211894.0,106
8154371,優惠限定❤️ 深層頭皮SPA碳酸清潔幕斯200g (五瓶組) -日本沙龍級 (全/特殊護理使用) 花香,獨特的碳酸分子，徹底吸附髒污,211797.0,303
8504463,超導水藍銅修復面膜-30G隨身瓶【德國藍銅．冰沁修復】,｜超導水藍銅修復面膜｜,209718.0,382
7904354,好神奇吸色片（防止衣物染色）100片/盒（兩盒優惠）,具有優良的吸色力 會優先把水裡的顏色吸走,208380.0,302
6882903,多層次香氣的洗衣香氛（青檸羅勒/浪漫牡丹/雨吻之葉/茉香橙花）單瓶（另有任選兩瓶優惠價）,,207760.0,742
7092800,舒緩精華沐浴露750g（敏感肌適用）一瓶（沐浴任選兩瓶325元）,Cristalhyal 綠色玻尿酸:,206040.0,808
6716413,無患子萃取高濃度三倍洗淨無香洗衣精1000g（一個回流瓶+三個補充瓶，共四瓶）新瓶口,塑膠使用減少70%,198720.0,368
6042623,千金方洗髮露550g-古法抗屑控油（單瓶優惠-方瓶任選兩瓶299元）,無患子植物性皂素豐富細緻泡沫，溫和不易刺激肌,198403.0,997
7791223,淨油超能亮｜黃金修護白泡泡面膜＋45淨化毛孔調理安瓶【毛控吸塵器．11點熱吵店推薦．高效粉刺黑武士】,｜淨油超能亮｜,197714.0,86
6770890,招福平安沐浴露500g（一瓶）（任選三件以上85折）,來自大自然的無患子皂素，搭配胺基酸潔膚成分。添加10種草本萃取與多種精油，溫柔泡泡包覆著每一寸敏感肌膚，讓你洗後感受多款安心草本的魔力。,193180.0,743
8556870,96.5%以上大自然成份的 招福平安淨化環境噴霧 1000g三瓶超值組,可用於衣物/家中/辦公室/廁所等,189840.0,113
6133353,玫瑰純露洗髮精 480g+西西里檸檬純露洗髮精 480g,●弱酸性配方,189630.0,387
7928213,【毛孔專家】琥珀酸喚膚粉刺泥膜-30G隨身瓶,｜琥珀酸喚膚粉刺泥膜｜,189029.0,421
7152556,招財納福檀木薰香沐浴露500g（五瓶超值）,來自大自然的無患子皂素，搭配胺基酸潔膚成分。添加多種草本萃取與多種精油，溫柔泡泡包覆著每一寸敏感肌膚，讓你洗後感受多款暖心草本的魔力。,187680.0,204
6691599,最高詢問度 檸檬馬鞭草洗面乳180g（兩瓶優惠）弱酸性配方,不含MI/MCI、Paraben類防腐劑,187174.0,626
5285329,LOTUS 保濕香蓮卸妝液-500g（5瓶組）*,敏弱性/一般肌膚適用無酒精，溫和不易刺激完美4效合1，具卸妝，潔膚，舒緩，保濕,184070.0,233
7822826,【毛孔專家】琥珀酸喚膚粉刺泥膜,｜琥珀酸喚膚粉刺泥膜｜,183773.0,118
8231261,專為敏感肌及寶寶設計的萬用舒緩霜180g（一罐）脫屑乾癢、紅屁屁用的寶寶霜,乾燥脫皮泛紅肌膚,183570.0,633
6042656,養氣人蔘洗髮露550g-補氣固頭皮（單瓶優惠-方瓶任選兩瓶299元）,無患子植物性皂素，含有豐富的細緻泡沫，溫和不易刺激肌膚。,183080.0,920
8532402,巴黎萊雅紫熨斗PRO特惠組,全新普拉斯鏈PRO，2倍濃度!,179820.0,180
6720711,魚子萊姆頭皮淨化微泡精華120g（兩瓶優惠）,95%源自大自然，無添加SLS、SLES、皂鹼、矽靈,177480.0,493
7050168,Dr.FreeVenus藝群-植物神經醯胺精華露-30ML,保濕、修護，角質層是肌膚最重要的保護力,176860.0,1042
7368866,雙精萃蜂王奇蹟日霜SPF35★★(兩入)【11點熱吵店推薦】,｜雙精萃蜂王奇蹟日霜SPF35★★｜,171522.0,78
7050142,Simply夜間代謝酵素錠30錠,促進代謝 調整體質,169290.0,171
7164982,96.5%以上大自然成份的 招福平安淨化環境噴霧 1000g兩瓶+連續噴霧瓶一個,可用於衣物/家中/辦公室/廁所等,167240.0,148
4702995,九蒸九曝 秘傳以黑補黑 髮翳淨髮露550g-（買一送一）方瓶,黑人蔘.黑色桔梗根.黑沙參.黑刺五加.黑大豆.黑米-具抗氧化能力，可活絡毛髮、強健髮根，減少秀髮受損與乾燥斷裂、強化髮質，防止髮絲分岔斷裂，使頭髮回復年輕光彩與青春的頭髮。,164151.0,549
7554366,【全新冰原花后系列】冰原花后賦活修護乳霜(兩入),｜冰原花后賦活修護乳霜｜,162640.0,38
8245871,油水調理組｜黑鑽松露金緻抗老面膜+琥珀酸喚膚粉刺泥膜,｜黑鑽松露金緻抗老面膜｜,161919.0,81
7046076,媚比琳FIT ME 反孔特霧粉底液 30ML-(多款任選),FIT ME粉底液 全新控油科技 質地大升級！,161143.0,457
8120376,五倍消臭力！薄荷除臭噴霧300g（兩瓶優惠）,,159933.0,267
8221649,*耕心田X茶金 東方美人茶賦黑洗髮精華露400g【加購品】,,157950.0,1053
8221628,*耕心田X茶金 東方美人茶白皙沐浴精華露500g【加購品】,,157500.0,1050
8302622,超導水藍銅修復面膜  2入【德國藍銅．冰沁修復】,｜超導水藍銅修復面膜｜,157437.0,63
7624213,【生物纖維面膜】冰原花后修復安瓶面膜 4入（1片＝5安瓶）,｜冰原花后修復安瓶面膜｜,156843.0,157
5477407,玫瑰甘露化妝水150ml（單瓶特價）（任選三件85折）,經測試，能促進肌膚新陳代謝,155750.0,445
7416360,日間保養全系列｜黃金修護白泡泡面膜+蜂王乳極潤修護精華露+黃金胜肽賦活精華+黃金胜肽緊緻電波眼霜(高保濕震動導入版)+雙精萃蜂王奇蹟日霜SPF35★★,※眼霜有「冰鎮陶瓷按摩頭」與「鋅合金按摩頭」，兩款皆屬TRUU正確商品，使用功效相同。,153873.0,27
8507899,【聖誕限定買5送3】76酵母胺基酸淨膚潔顏露+黃金修護白泡泡面膜+蜂王乳極潤修護精華露+黃金胜肽賦活精華+99控油保濕平衡乳 送 超導水藍銅修復面膜-30G隨身瓶+藍銅玻尿酸保濕修復精華-10ML隨身瓶+100%純棉植物纖維潔膚巾 (珍珠紋加厚版100pcs)【王凱推薦】,｜混和肌推薦｜,151800.0,23
6937552,招福平安洗沐組~洗髮精露400g+沐浴露500g（各一瓶）,來自大自然的無患子皂素，含有豐富的細緻泡沫，搭配胺基酸成分，溫和洗淨頭皮髒污及油脂。添加10種草本萃取與多種精油，洗淨同時，讓香氣濃郁的草本精油，讓你洗後感受多款安心草本的魔力。,150945.0,347
8087311,檸檬馬鞭草抗菌洗手乳310g（一瓶）洗手乳多瓶任選更便宜,溫和ph5.5弱酸性配方，不易刺激不咬手,150384.0,964
7648595,【全新冰原花后系列】冰原花后賦活修護乳霜,｜冰原花后賦活修護乳霜｜,150167.0,49
7400819,苦橙純露豐盈蓬鬆洗髮精 480g（單瓶）精油洗髮任選兩瓶490元,適合一般及中油性髮質,150080.0,469
8559222,頂級藍銅肌因修復精華-7ML隨身瓶【最高濃度5000ppm】,｜頂級藍銅肌因修復精華｜,149850.0,150
5192808,LOTUS 保濕香蓮卸妝液-500g單瓶（任選三件85折）,敏弱性/一般肌膚適用無酒精，溫和不易刺激完美4效合1，具卸妝，潔膚，舒緩，保濕,149600.0,748
8550787,【新春輕旅特惠】76酵母胺基酸淨膚潔顏露-30ml隨身瓶+頂級藍銅肌因修復精華-7ml隨身瓶+冰原花后賦活修護乳霜-10g隨身瓶【送】手提收納包,｜76酵母胺基酸淨膚潔顏露｜,148544.0,88
7152521,招財納福檀木薰香沐浴露500g（一瓶）（任選三件以上85折）,來自大自然的無患子皂素，搭配胺基酸潔膚成分。添加多種草本萃取與多種精油，溫柔泡泡包覆著每一寸敏感肌膚，讓你洗後感受多款暖心草本的魔力。,146900.0,565
5884650,排寒排水~小野花暖暖鬆筋舒酸按摩油100ml~99.7%大自然來源（單瓶）（任選三件85折）,冬天的乾燥冰冷肌膚修護最佳神器,145470.0,373
4585707,深層頭皮SPA碳酸清潔幕斯200g-日本沙龍級(全/特殊護理使用)（買一送一）花香,獨特的碳酸分子，徹底吸附髒污,143910.0,369
8104093,保加利亞原裝進口~純玫瑰精油1g-otto蒸餾萃取,,143520.0,156
5602151,去屑微涼 茶樹4T頭皮養護噴霧100g（單瓶特價）（任選三件85折）,頭皮淨化　滋養　調理,141450.0,615
8192566,好吃的綠蜂膠+麥蘆卡蜂蜜噴劑30ml（一瓶）轉式長噴嘴,45%蜂膠巴西綠蜂膠（生物類黃酮4%）,141120.0,288
7875134,潔膚首選｜光感淨透洗臉機 2入（聲波導入版）,｜光感淨透洗臉機｜,140800.0,55
7443321,優媚霜三重護髮 雙管/單管染髮霜-多款任選,濃郁乳霜，精準覆蓋局部白髮,139063.0,367
8004281,DR.WU玻尿酸保濕精華乳50ml,輕盈潤澤保濕乳液，可強力鎖水保濕，維持肌膚長效滋潤。全新升級第六代智慧型玻尿酸水循環科技，結合大、小、微分子玻尿酸、玻尿酸循環因子及啟動因子，從源頭進行鎖水、補水、造水、活水及聚水，長效深層保濕、潤澤肌膚，維持肌表屏障健全。另添加菸鹼醯胺(B3)、維他命原B5及三重神經醯胺，有效鎮定舒緩肌膚不適、修復受損屏障，提升肌膚對環境傷害的防護力。協同植萃角鯊烷及尿囊素，強化肌膚屏障改善乾燥粗糙，使肌膚恢復柔嫩有彈性。,137275.0,163
7469392,頂級山茶花黃金護唇膏,｜頂級山茶花黃金護唇膏｜,137171.0,229
7532564,沐潤_罌粟花與白麝香水潤沐浴露1000g-彈潤鎖水（任選三件85折）,95%天然來源，無添加化學色素,136469.0,571
7174999,煥白淡斑 璀璨超C化妝水120ml（兩瓶優惠）,史上無敵強煥白化妝水*！超有感、超透亮、好保濕,135150.0,159
5382959,蔬果碗盤洗潔液-檸檬綠茶酵素補充包800g(去腥配方)（五包組）,檢驗通過國家CNS3800標準溫和不傷手符合食品用清潔劑標準,133450.0,314
8599707,【買3送2｜抗老輕旅組】黃金胜肽賦活精華-10ml隨身瓶+一夜透亮活膚精露-10ml隨身瓶+蜂王乳極潤修護精華露-30ml隨身瓶【送】冰原花后修復安瓶面膜+手提收納包,※手提收納包內不含保養品,131327.0,73
7509619,【超值加價購】德國金鋁製專業面膜刷 (雙頭毛刷組),｜德國金鋁製專業面膜刷｜,129766.0,434
7092783,檸檬馬鞭草經典冠軍沐浴露750g（中性肌適用）一瓶（沐浴任選兩瓶325元）,Cristalhyal 綠色玻尿酸:,129285.0,507
5250585,古寶無患子 薑萃草本滋養洗髮精華露550g（買一送一）*方瓶,無患子植物性皂素豐富細緻泡沫，溫和不易刺激肌,128869.0,431
7064632,萊雅溫和眼唇卸妝液 125ml,一次滿足對卸妝的所有需求,128163.0,357
6916248,1/2米蜜粉，更細緻保濕，日本專利（透明色）一盒（任選三件85折）,,126390.0,383
5196583,寶貝嬰兒舒緩沐浴露400g+寶貝嬰兒舒緩洗髮精400g,不含化學人工香精、皂鹼不含石化界面活性劑、不流淚、不刺激,124950.0,357
7488804,亮顏啾啾 迷你2000膠原蛋白 1000g胜肽化極小分子 無腥味,本商品體積較大，會獨立裝箱出貨唷,124700.0,43
5581283,沐潤_玻尿酸B5保濕精華沐浴露1000g-水潤保濕（任選三件85折）,95%天然來源，無添加化學色素,124519.0,521
7865939,蟲新導航~居家三蟲最害怕的精油噴霧300ml（四瓶最便宜）,蟑螂：2小時／24小時，具有100%／93%忌避效果,123250.0,145
8087292,茶樹精油抗菌洗手乳310g（一瓶）洗手乳多瓶任選更便宜,溫和ph5.5弱酸性配方，不易刺激不咬手,122148.0,783
7969230,好溫和的水潤潤私密清潔露250g（兩瓶優惠）95%以上大自然來源成份,95%以上大自然來源成分,121370.0,229
7865921,蟲新導航~居家三蟲最害怕的精油噴霧300ml（一瓶）,蟑螂：2小時／24小時，具有100%／93%忌避效果,120120.0,429
8507845,【聖誕限定買3送3】76酵母胺基酸淨膚潔顏露+黃金胜肽賦活精華+99控油保濕平衡乳 【送】 76酵母胺基酸淨膚潔顏露30g隨身瓶+蜂王乳極潤修護精華露30ml隨身瓶+100%純棉植物纖維潔膚巾 (珍珠紋加厚版100pcs)【鍾明軒推薦】,潔顏露－淨化髒汙修復肌膚，締造澄淨細緻,119970.0,30
8519664,一夜透亮活膚精露 （2入）【7大天然植萃精油】,｜一夜透亮活膚精露｜,119840.0,28
5921452,排寒排水~小野花暖暖鬆筋舒酸按摩油100ml~99.7%大自然來源（四瓶回購）,冬天的乾燥冰冷肌膚修護最佳神器,119790.0,121
6373062,胺基酸亮白溫和潔顏慕斯90ml（兩瓶省80元）97%大自然成份,無添加SLS、SLES、皂鹼、矽靈、壬基苯酚環境賀爾蒙,119280.0,284
5921446,排寒排水~小野花暖暖鬆筋舒酸按摩油100ml~99.7%大自然來源（兩瓶特價）,冬天的乾燥冰冷肌膚修護最佳神器,119180.0,202
8214997,【超值加價購】專業彈力面膜刷（雙頭兩用組）,｜專業彈力面膜刷｜,119002.0,398
7998084,痘不逗留❤收口超快的抗痘舒緩修護精華乳30ml（一罐）,請塗在痘痘上，舒緩極佳,118650.0,339
8137789,亮色飽滿染後髮色❤️修護型洗髮精250g（一瓶）,適合染髮過後兩週開始使用,117900.0,262
6700110,絲滑觸感的溫感卸妝露280g （單瓶）（任選三件85折）,配方單純全部只有九種成分,117740.0,406
7656895,【生物纖維面膜】冰原花后修復安瓶面膜（1片＝5安瓶）,｜冰原花后修復安瓶面膜｜,117399.0,98
8599677,一夜透亮活膚精露-10ml隨身瓶【7大天然植萃精油】,｜一夜透亮活膚精露｜,116640.0,108
6700111,絲滑觸感的溫感卸妝露280g （兩瓶優惠）,配方單純全部只有九種成分,115920.0,252
7119632,招福平安洗沐組~油頭專用洗髮精露400g+沐浴露500g（各一瓶）,來自大自然的無患子皂素，含有豐富的細緻泡沫，搭配胺基酸成分，溫和洗淨頭皮髒污及油脂。添加10種草本萃取與多種精油，洗淨同時，讓香氣濃郁的草本精油，讓你洗後感受多款安心草本的魔力。,115275.0,265
4582632,深層嫩白 慈禧白皙秘方 玉容散活膚晶 經典款100g (臉/身體)（5顆組）,珍珠粉珍貴添加獨家研磨技術，深入吸收洗臉=敷臉，重現嬰兒般細緻肌膚,115080.0,411
5602173,去屑微涼 茶樹4T頭皮養護噴霧100g（兩瓶省70）,頭皮淨化　滋養　調理,114660.0,294
7952102,香水檸檬固髮洗髮精400g（兩瓶優惠）,適合一般及中乾性髮質,114300.0,254
5602182,去屑微涼 茶樹4T頭皮養護噴霧100g（四瓶省230）,頭皮淨化　滋養　調理,113850.0,165
7174996,煥白淡斑 璀璨超C化妝水120ml（單瓶特價）（任選三件85折）,史上無敵強煥白化妝水*！超有感、超透亮、好保濕,113190.0,231
7498208,創新泡沫噴頭！無患子酵素泡泡 碗盤油汙洗潔液500g（一個噴瓶）任選三件85折,強力去油，不傷手,112680.0,626
5581233,沐潤_小蒼蘭山花精亮白沐浴露1000g-洗出妳的亮白肌（任選三件85折）,95%天然來源，無添加化學色素,112330.0,470
4849727,*草本柔順滋養護髮精華320g-柔順飄逸 (一分鐘修護-沖洗式)*1瓶【加購品】,摩洛哥油：深度修護維生素B5：減少髮絲斷裂有機山茶花油：加強保濕,111112.0,817
6950843,96.5%以上大自然成份的 招福平安淨化環境噴霧 300g（四瓶）,可用於衣物/家中/辦公室/廁所等,110880.0,126
4702881,千金方洗髮露550g-古法抗屑控油（買一送一）方瓶,無患子植物性皂素豐富細緻泡沫，溫和不易刺激肌,110630.0,370
8516147,【聖誕限定買5送4】一夜透亮活膚精露+熱療撫紋導入儀（音波震動版）+藍銅玻尿酸保濕修復精華+76酵母胺基酸淨膚潔顏露+蜂王乳極潤修護精華露 送 藍銅玻尿酸保濕修復精華-10ML隨身瓶+冰原花后賦活修護乳霜-10g隨身瓶+76酵母胺基酸淨膚潔顏露 隨身瓶30g+手提收納包【小姐不熙娣．鍾明軒推薦】,｜藍銅玻尿酸保濕修復精華｜,110487.0,13
8244707,吉．福．旺 平安富脂皂（三顆/盒）（三盒送禮組）,,110442.0,158
7532619,沐潤_烏木玫瑰嫩白沐浴露1000g-白皙透亮（任選三件85折）,95%天然來源，無添加化學色素,110418.0,462
8061646,完美護色！染後專用矯色髮膜110g（兩條優惠）特別適合染髮兩週以上使用,90%來源自然成分 *以ISO16128天然來源成分計算標準(含配方水),109760.0,196
7319220,寶貝招福平安二合一(泡泡浴露)400g（單瓶）大自然來源度97%（任選三件以上85折）,pH5.5 不流淚配方,109440.0,456
7444413,招財納福檀木薰香洗髮精露 400g（兩瓶優惠）,來自大自然的無患子皂素，含有豐富的細緻泡沫，搭配胺基酸成分，溫和洗淨頭皮髒污及油脂。,109020.0,237
7326610,孔雀石 活化洗髮精（微香岩蘭草）450g（能量波動系列任選兩瓶499元）,,107640.0,360
6396146,滿水凍膜140g 大自然成份來源97%以上（兩瓶特惠）,"敷臉時加壓效果, 讓水分滲透到更深層的位置",106860.0,274
8581969,持久型淡香精體香噴霧55ml 多瓶更優惠唷,小巧瓶身，方便掛在包包外,106210.0,559
8577024,洋娃娃醇米胜肽眼霜15ml-睫毛蓬蓬 好亮眼（一瓶）,滋潤清爽好吸收，一瓶兩用,106080.0,272
4586139,寶貝嬰兒舒緩洗髮精400g（買一送一）,不含化學人工香精、皂鹼不含石化界面活性劑、不流淚、不刺激,103950.0,297
7927438,招福平安抗菌洗手液600ml補充瓶（一瓶／兩瓶／五瓶）,添加衛生福利部公告有效的抗菌成分,103780.0,245
8220564,歡樂慶🎉小野花身體乳液 No.2花店（超級滋潤配方）250g一瓶,溫和親膚，迅速滲透至肌膚底層,102740.0,467
6988710,自然綻放 野芒果潤唇膏3.4g（任選三件85折）,,101920.0,364
8302930,超導水藍銅修復面膜+(專業彈力面膜刷 / 德國金鋁製專業面膜刷 )  2擇1【德國藍銅．冰沁修復】,｜超導水藍銅修復面膜｜,101335.0,65
6672555,耕心田 緊實按摩油100ml + 舒緩按摩油100ml（各一瓶）,,98901.0,99
8014688,最具防護力的四級胺抗菌噴霧500ml（三瓶最優惠）,由LONZA提供的實驗報告中，顯示有效抗菌！,97637.0,163
7312479,冰河水+EDI超純水 強保濕濕紙巾（80抽）5包（數量填2另享有十包優惠價）,ECOCERT認證加拿大冰河礦物水,97300.0,278
7526580,古寶藥妝 熱感桑一下 身體舒緩凝膠100g（兩瓶）,,96660.0,179
8550822,【新春輕旅特惠】藍銅玻尿酸保濕修復精華-10ml隨身瓶+超導水藍銅修復面膜-30g隨身瓶+76酵母胺基酸淨膚潔顏露-30ml隨身瓶【送】手提收納包,｜藍銅玻尿酸保濕修復精華｜,95772.0,69
7469319,100%純棉植物纖維潔膚巾 (珍珠紋加厚版100pcs),｜100%純棉植物纖維潔膚巾｜,94928.0,272
7406748,毛鬆蓬軟~去味持久的寵物洗毛精250g（兩瓶優惠）,去除油臭味與髒汙（無患子、日本洗淨成分）,94120.0,181
7049949,DR.WU杏仁酸亮白煥膚身體乳150ml,輕盈潤澤水感乳液 清爽好吸收,93330.0,104
7476998,古寶藥妝 乾癢肌愛用 燕麥脂胺基酸沐浴慕斯400ml（一個壓瓶+一個補充瓶）,,92655.0,213
8264443,黑鑽松露金緻萃抗老面膜【抗老修復巔峰】,｜黑鑽松露金緻抗老面膜｜,91611.0,52
7582802,瞬吸！亮白 高濃度精油乳液250ml（兩瓶優惠）,,91020.0,111
7279646,蕾妮亞極吸好眠晚安褲褲型衛生棉4片M-L,極薄0.25cm速吸層 翻睡超安心,90025.0,904
8536359,甩水輕盈湯浴包 全身暖呼呼（10g*6入）兩包,舒展緊繃,89180.0,182
7904352,好神奇吸色片（防止衣物染色）100片/盒（一盒）,具有優良的吸色力 會優先把水裡的顏色吸走,88977.0,223
5541728,吹彈水潤益母草水感面膜*10片（紅綠面膜任選多件更便宜）,妝前敷一片，調理肌膚油水平衡，水潤Q彈好上妝，不易脫妝。,88555.0,445
6782659,雙薑沐浴露500g+招福平安沐浴露500g（各一瓶優惠組合）,來自大自然的無患子皂素，搭配胺基酸潔膚成分。添加10種草本萃取與多種精油，溫柔泡泡包覆著每一寸敏感肌膚，讓你洗後感受多款安心草本的魔力。,87381.0,219
7858857,高濃度三倍洗淨洗衣精1000ml-抗菌配方（青檸萊姆香氛）一瓶／兩瓶,超高濃度，是市售洗衣精的三倍潔淨力,86800.0,294
8197520,貝膚黛瑪舒敏潔膚液-500ml-4入組,溫和潔淨：獨特Micelle Technology膠束科技，兩性特殊結構親水及親油分子，清潔臉部彩妝與髒汙，調理肌膚油水平衡。,86738.0,62
7685670,一日30mg足量葉黃素飲（好喝）*10包/盒,,86600.0,68
8150038,【超值加價購】手提收納包（防水大容量設計）,※手提收納包內不含保養品,86167.0,433
4925030,寶貝小蘇打奶瓶蔬果清潔劑620g（買一送一）,不含化學人工香精、皂鹼不含石化界面活性劑、給寶寶無毒環境,86154.0,346
8245897,黑鑽松露膜刷組｜黑鑽松露金緻抗老面膜+專業彈力面膜刷（雙頭兩用組）【修復抗老巔峰】,｜黑鑽松露膜刷組｜,85339.0,61
7088395,妮維雅極淨深層眼部卸妝液125ml,含葵花籽油，維生素B6強韌滋養睫毛根部,85215.0,285
7198243,寶拉珍選2%水楊酸身體乳210ml,衛福部公告最高濃度2%水楊酸,84968.0,86
8227731,【美白小黑瓶】高濃縮褪黑美白精華-10ML隨身瓶【許鈞鈞推薦】,｜高濃縮褪黑美白精華隨身瓶｜,84579.0,121
6716424,無患子萃取高濃度三倍洗淨無香洗衣精1000g（一個回流瓶+一個補充瓶，共兩瓶）新瓶口,塑膠使用減少70%,84480.0,264
7861208,DR.WU杏仁酸亮白煥膚精華18% 15ml,創始經典明星商品，專為油性、混合肌設計。首度將刷酸概念帶入居家煥膚保養，透過刷酸煥膚的原理，快速清除肌膚表面老廢角質，並有效協同肌膚代謝，疏通、淨化、緊緻毛孔，使用7天能減少粉刺70%、毛孔緊緻17%*；另添加大分子玻尿酸、β-聚葡萄醣體，補水保濕舒緩肌膚，緩解乾癢脫屑 ; 亮白修護精萃能由肌底層層煥白，從內而外打造晶透瞬白。長期持續煥膚，能重現完美無瑕的細嫩肌膚。全成分無酒精、人工香精，溫和不刺激。,84235.0,100
7383925,快樂24K金梳🔮（圓潤紫）,氣墊髮梳上有一個通氣孔，能使氣墊排氣保持彈性，並非掉針瑕疵唷~,83880.0,120
6691589,最高詢問度 檸檬馬鞭草洗面乳180g（單瓶特價）弱酸性配方（任選三件85折）,不含MI/MCI、Paraben類防腐劑,81590.0,410
4586190,舒緩寶貝嫩肌嬰兒清爽乳液250g（兩瓶）,不含化學人工香精富含有機乳木果油、向日葵油添加有機甘草、小白花萃取,81550.0,233
7444409,招財納福檀木薰香洗髮精露 400g（一瓶）任選三件85折,來自大自然的無患子皂素，含有豐富的細緻泡沫，搭配胺基酸成分，溫和洗淨頭皮髒污及油脂。,81480.0,291
8120369,五倍消臭力！薄荷除臭噴霧300g（一瓶）,,80730.0,207
6378654,西西里檸檬純露洗髮精 480g（單瓶）另有精油洗髮任選兩瓶490元專區,適合一般及中油性髮質,80640.0,252
6968698,招福平安洗髮精露 400g-油頭專用強化清潔配方（兩瓶優惠價）,來自大自然的無患子皂素，含有豐富的細緻泡沫，搭配胺基酸成分，溫和洗淨頭皮髒污及油脂。添加10種草本萃取與多種精油，洗淨同時，讓香氣濃郁的草本精油，深層淨化頭皮，讓你洗後感受多款安心草本的魔力。,80550.0,179
7416580,夜間保養全系列｜黃金修護白泡泡面膜+黑鑽松露金緻抗老面膜+蜂王乳極潤修護精華露+黃金胜肽賦活精華＋黃金胜肽緊緻電波眼霜(高保濕震動導入版),※眼霜有「冰鎮陶瓷按摩頭」與「鋅合金按摩頭」，兩款皆屬TRUU正確商品，使用功效相同。,79786.0,14
8250086,抗老活膚組｜黑鑽松露金緻抗老面膜+黃金胜肽賦活精華＋黃金胜肽緊緻電波眼霜(高保濕震動導入版),※眼霜有「冰鎮陶瓷按摩頭」與「鋅合金按摩頭」，兩款皆屬TRUU正確商品，使用功效相同。,78760.0,22
7050166,Dr FreeVenus藝群-晶鑽極潤修護滋養霜30ML,溫和無香精配方，含維他命E、維他命B5、角鯊烷、神經醯胺、乳油木果脂成份,78455.0,136
6813242,耕心田 蘆薈舒緩保濕修護霜（兩瓶）,,78204.0,196
5006495,唐朝楊貴妃凝脂秘方 紅玉面膜*40片,妝前敷：調理肌膚油水平衡，水潤Q彈好上妝,76672.0,128
7262071,喝了好放鬆GABA無咖啡因 野桑茶30g（2g*15包）兩袋優惠,台東池上桑葉採集製成,75400.0,145
7069903,乾洗手噴霧1000ml（75%酒精+植物精油+護手配方）超大瓶*1瓶（任選三件85折）,勤洗手，遠離汙染，加強個人衛生防護,75210.0,109
8008686,無矽靈植萃修護洗髮精露450g-檸檬馬鞭草（深層潔淨）新包裝,洪百榕/梁又南/王思佳大力推荐馬鞭草香氛,74730.0,470
8174084,口感香甜甜❤️蜜桃漱口水500ml（含氟量220ppm）兩瓶優惠,無添加酒精,74730.0,159
6373060,胺基酸亮白溫和潔顏慕斯90ml（單瓶特價）97%大自然成份（任選三件85折）,無添加SLS、SLES、皂鹼、矽靈、壬基苯酚環境賀爾蒙,74250.0,297
8245928,全面抗老修護組｜黑鑽松露金緻抗老面膜+（褪黑美白精華升級版/黃金胜肽賦活精華/藍銅玻尿酸保濕修復精華）3擇1,※美白精華瓶器異動中，原始小黑瓶與滴管式白色瓶器皆為正確商品，敬請見諒※,73314.0,29
7403707,全日營養肝精薑黃飲_食品_100mL_10入,4969726110744,72590.0,61
4599592,木梨與小蒼蘭保濕嫩白身體乳液-320g (清爽配方)（任選三件85折）,多種美肌成份與迷人的小蒼蘭香氛，猶如鮮採清新梨子，搭配小蒼蘭綻放迷人花香，質地清爽保濕不黏膩易吸收。頂級阿爾卑斯山有機山花精萃取，改善黯沉，使肌膚白皙明亮。添加有機摩洛哥堅果油、可可脂油滋養肌膚，改善老化與粗糙乾裂現象。搭配保濕因子玻尿酸，層層鎖住水份達到長效保濕，使肌膚水潤Q彈有活力。維他命E有效修護肌膚，對抗肌膚老化，減少乾糙與細紋，使用後肌膚光滑緊緻有彈性。,72210.0,290
6916257,1/2米蜜粉，更細緻保濕，日本專利（透明色）兩盒優惠,,72050.0,131
6278820,體味掰掰~ 森林系體香噴霧50ml（四瓶省470元）,,71760.0,104
7754262,黑不溜丟弱酸洗髮皂 100g（三顆很優惠）,【各種髮質使用頻率推薦】,71280.0,144
7090956,TISS深層卸妝油-毛孔潔淨升級型230ml,卸妝的同時，讓推積毛孔中的頑固粉刺也一顆顆浮出。,71170.0,204
6165696,*茶樹精油抗菌洗手乳310g（一瓶）【加購品】,溫和ph5.5弱酸性配方，不易刺激不咬手,70983.0,717
8153938,青檸橙花水嫩沐浴精華露600g（中性肌適用）一瓶（沐浴任選兩瓶325元）,加勒比海清爽香氛~,70875.0,315
7858885,高濃度三倍洗淨洗衣精1000ml-低敏配方（溫暖陽光香氛）一瓶／兩瓶,超高濃度，是市售洗衣精的三倍潔淨力,70800.0,256
7476951,古寶藥妝 乾癢肌愛用 燕麥脂胺基酸沐浴慕斯400ml（一瓶）任選三件85折,,70760.0,244
7426895,日本花王_新2蒸氣感舒緩眼罩12P純淨無香,4901301348029,70263.0,269
6910366,招福平安洗髮精露 400g（兩瓶優惠價）,明星商品，工廠趕貨中！可能會晚一兩天才寄出喔🙇‍♀️敬請見諒,70200.0,156
7669088,一口好乾淨~漱口雲❤專門對付口腔異味與髒污95%大自然來源成份~古寶藥妝100ml（兩瓶優惠）,,68928.0,192
7069910,乾洗手噴霧1000ml（75%酒精+植物精油+護手配方）超大瓶 買一送一(共2瓶),勤洗手，遠離汙染，加強個人衛生防護,68750.0,55
7326613,孔雀石 乾淨持久洗髮精（無香單純）450g（能量波動系列任選兩瓶499元）,,68172.0,228
4864686,唐朝楊貴妃凝脂秘方 紅玉面膜*10片（紅綠面膜任選多件更便宜）,妝前敷：調理肌膚油水平衡，水潤Q彈好上妝,67660.0,340
8008732,無矽靈植萃修護洗髮精露450g-真正薰衣草（舒緩乾癢）新包裝,無患子：有效抑制油脂分泌,67257.0,423
7090941,TISS深層卸粧油230ML-乾濕兩用進化型,潔淨再進化，手濕濕也可輕鬆完美卸粧,67205.0,193
5541777,吹彈水潤益母草水感面膜*40片（省197元）,妝前敷一片，調理肌膚油水平衡，水潤Q彈好上妝，不易脫妝。,67088.0,112
8504371,1028 飛我莫屬限量眼彩盤 朱古力,特調濃醇朱古力配色，搭配柔霧、亮片、珠光及碎鑽濕粉四種精選質地，一盤創造多種層次眼妝。 ,66633.0,167
8550728,*宜蘭小農的快樂長秈米600g 粒粒分明 好吃!【加購品】,保育生態理念耕作、無毒栽培、不用除草劑，與自然生態共生,66500.0,665
7011824,酒粕青春洗髮精露550g偏油性/油性髮質適用（單瓶特惠）,,66466.0,334
7490849,招福平安超保濕水潤乳液250g兩瓶優惠,,66120.0,114
5006515,蔬果碗盤洗潔液-經典原味補充包800g（五包組）,檢驗通過國家CNS3800標準溫和不傷手符合食品用清潔劑標準,65450.0,154
7049885,DR.WU角鯊潤澤修復精華30ML,獨家輕盈油狀質地快速吸收,64785.0,54
7097638,康乃馨醫療口罩一般耳帶50片盒裝-多色任選(新舊款包裝隨機出貨),防塵、過濾細菌使用。,64500.0,430
7927508,招福平安抗菌洗手液600ml補充瓶+自動感應給皂機,溫和ph5.5弱酸性配方，不易刺激不咬手,64310.0,109
7138478,MKUP狠大眼睫毛膏2.8g-黑,輕盈抗暈膏體，能無限延伸上下睫毛卻不結塊，全日維持睫毛長、捲、翹，極致綻放大眼。,64277.0,199
5485607,無矽靈植萃修護洗髮精露450g-馬鞭草薄荷 (中油性/頭皮問題)超級涼爽配方（三瓶省117元）,來自大自然的無患子皂素，含有豐富的細緻泡沫，溫和不易刺激肌膚，達到深層清潔。,64020.0,194
7046072,媚比琳 超激細抗暈眼線液抗手震版 (多款任選),彈性韌度兼具的超激細筆尖精準控制眼線線條穩定度,63945.0,203
6424430,亮白淨味私密潔淨慕斯-98%以上大自然成份100ml（單瓶）（任選三件85折）,●無添加SLS、SLES、皂鹼、矽靈、壬基苯酚環境賀爾蒙,63840.0,228
7646107,【生物纖維面膜】冰原花后修復安瓶面膜 (1片=5安瓶),｜冰原花后修復安瓶面膜｜,63840.0,168
7318587,歐樂B 3D電動牙刷PRO1-白色,兩分鐘計時器+日常刷牙模式,63721.0,61
6389244,冰河泥毛孔潔淨洗面乳150g 胺基酸基底溫和不緊繃（兩條省100元）98%以上大自然來源成分,使用後肌膚變得細緻又滑嫩，不會乾澀緊繃，適合中性至油性肌膚使用。,63480.0,138
7197464,99%以上大自然來源的小野花玫瑰美胸按摩油100ml（兩瓶優惠）,,62540.0,106
7050165,Dr.FreeVenus藝群-玻尿酸精華液-50ML,含玻尿酸、神經醯胺、維他命B5、膠原蛋白、小黃瓜萃取液,62211.0,147
7582792,瞬吸！亮白 高濃度精油乳液250ml（一瓶）,,61899.0,141
8235641,舒潔袖珍包面紙10抽26入-限定款,寶可夢新包裝【限量販售】,61578.0,622
8245736,黑鑽松露金緻抗老面膜（兩入）【修復抗老巔峰】,｜黑鑽松露金緻抗老面膜｜,61572.0,28
7488785,亮顏啾啾 迷你2000膠原蛋白 200g（兩瓶）胜肽化極小分子 無腥味,,61440.0,48
6904229,環境友善的衣物柔軟精1000g-補充瓶*4,,61380.0,62
7093541,絲柏檀木沐浴露750g（中性肌適用）一瓶（沐浴任選兩瓶325元）,Cristalhyal 綠色玻尿酸:,61200.0,240
8045901,巴黎萊雅寶雅獨家青春密碼特惠組,一夜修護六大瑕疵,61132.0,68
7410356,ettusais 艾杜紗 東京輕吻染唇膏 #10 (寶雅獨家限量),寶雅獨家限量色,60840.0,117
6389236,冰河泥毛孔潔淨洗面乳150g 胺基酸基底溫和不緊繃（單條）98%以上大自然來源成分（任選三件85折）,使用後肌膚變得細緻又滑嫩，不會乾澀緊繃，適合中性至油性肌膚使用。,60480.0,216
8014206,媚比琳反孔特霧全進化零瑕嫩粉餅,超強遮蓋力X裸妝感的完美實現,60278.0,172
8008762,無矽靈植萃修護洗髮精露方瓶450g-咖啡因（控油強健髮根）新包裝,髮絲強韌健康雙重鋅因子長效控油深層清潔修護頭皮,59466.0,374
6017675,強化琺瑯質 亮白 清新低敏牙膏140g-98%以上大自然來源（圓瓶牙膏任選組合更便宜）,成分98%以上源自天然,59340.0,258
7275116,耕心田 甜橙去角質凝膠150g（一條）（任選三件85折）即將完售斷貨，喜愛🍊請把握最後數量唷！,無添加防腐劑MI/MCI、PARABEN,59202.0,198
6720683,魚子萊姆頭皮淨化微泡精華120g（單瓶特價）（任選三件85折）,95%源自大自然，無添加SLS、SLES、皂鹼、矽靈,59110.0,257
6424432,亮白淨味私密潔淨慕斯-98%以上大自然成份100ml（兩瓶特惠）,●無添加SLS、SLES、皂鹼、矽靈、壬基苯酚環境賀爾蒙,58950.0,131
8121670,AHC 3D超效煥活全臉眼霜30ml,3D抗老無懼重力， 全方位超效煥活緊實輪廓、重現澎潤彈力 !​,57289.0,85
8620771,又鬆又暖  石墨烯溫感精油貼布 20片/包 多包更超值唷,5種植物精油 搭載 多層石墨烯粉,57130.0,197
8256300,滑順不NG ~ 超持久眼線膠筆（兩支優惠）,採用Trimethylsiloxysilicate成膜防水矽油,57109.0,191
4843652,珍珠玉容活膚晶100g (珍珠蛋白-亮白加倍/臉部及身體適用)（6顆組）,升級版---日本頂級宇和島珍珠粉添加，亮白細緻效果加倍。全新升級配方，珍珠蛋白增強效果,56960.0,160
7490843,招福平安超保濕水潤乳液250g一瓶（任選三件85折）,,56700.0,162
7369101,耕心田 橄欖胺基酸補水沐浴乳500g,耕心田美人系列任選兩瓶399元,56511.0,189
4586116,寶貝嬰兒舒緩沐浴露400g（買一送一）,不含化學人工香精、皂鹼不含石化界面活性劑、不流淚、不刺激,56350.0,161
6396130,滿水凍膜140g 大自然成份來源97%以上（單瓶）（任選三件85折）,"敷臉時加壓效果, 讓水分滲透到更深層的位置",55970.0,193
8061640,完美護色！染後專用矯色髮膜110g（單條）特別適合染髮兩週以上使用,90%來源自然成分 *以ISO16128天然來源成分計算標準(含配方水),54605.0,163
6910358,招福平安洗髮精露 400g（一瓶）（任選三件以上85折）,來自大自然的無患子皂素，含有豐富的細緻泡沫，搭配胺基酸成分，溫和洗淨頭皮髒污及油脂。添加10種草本萃取與多種精油，洗淨同時，讓香氣濃郁的草本精油，深層淨化頭皮，讓你洗後感受多款安心草本的魔力。,54600.0,195
7823795,【毛孔專家】琥珀酸喚膚粉刺泥膜 兩入,｜琥珀酸喚膚粉刺泥膜｜,53172.0,28
8008706,無矽靈植萃修護洗髮精露450g-奧圖玫瑰（固色修護）新包裝,來自大自然的無患子植物性皂素，含有豐富的細緻泡沫,53106.0,334
6830951,Tree to Tub融化系玫瑰水 眼霜15ml,,53040.0,68
7090935,Za美白隔離霜,粧前打底修飾膚色不均,52819.0,239
4598060,蔬果碗盤洗潔液-檸檬綠茶酵素1000g (除油去腥配方),添加綠茶萃取/去油去腥 檢驗通過國家CNS3800標準，符合食品用清潔劑標準 無患子植物性泡沫，安心使用 溫和不傷手 不含漂白劑 不含螢光劑,52448.0,352
7063305,巴黎萊雅24H無瑕完美粉底液-30ml,會呼吸的粉底液!!,52269.0,131
8214995,專業彈力面膜刷（雙頭兩用組）,｜專業彈力面膜刷｜,52001.0,149
5711384,耕心田 植萃淨 精油芳香噴霧100ml（甜橙+佛手柑）+植萃舒 精油芳香噴霧100ml（真正薰衣草+甜橙+佛手柑）-各一瓶,適用於衣物、室內空間、寢具、鞋子、汽車內,51896.0,104
5399160,植物肥皂140g*4顆-橘油配方 潔淨雙倍(貼身衣物/嬰幼兒衣物)（*3盒，共12顆）,貼身衣物天天洗輕鬆除垢好沖洗天然環保安心洗,51554.0,173
7526586,古寶藥妝 熱感桑一下 身體舒緩凝膠100g（四瓶最優惠）,,51300.0,54
7069347,【即期品】好奇純水嬰兒濕巾加厚型20抽-迪士尼限定版(新舊包裝隨機出貨)(效期2024/11/29),飲用級純水: 寶寶無負擔,51246.0,1314
7054157,好自在熊抱安睡褲4片(M/L)-尺寸任選,蜜桃形剪裁貼臀型,51207.0,303
7105684,風倍清織物除菌消臭噴霧370ml-高效除菌,日本熱銷NO1空氣清新專家,51066.0,514
6968699,招福平安洗髮精露 400g-油頭專用強化清潔配方（一瓶）（任選三件以上85折）,來自大自然的無患子皂素，含有豐富的細緻泡沫，搭配胺基酸成分，溫和洗淨頭皮髒污及油脂。添加10種草本萃取與多種精油，洗淨同時，讓香氣濃郁的草本精油，深層淨化頭皮，讓你洗後感受多款安心草本的魔力。,50680.0,181
6904461,環境友善的衣物柔軟精1000g-回流瓶*1+補充瓶*1,,50440.0,97
6448463,94%以上大自然成份的 藍風鈴芳香環境噴霧 300g（一瓶）（任選三件85折）,可用於衣物/家中/辦公室/廁所/寵物/鞋子等,50400.0,140
7092767,荔香玫瑰亮白沐浴露750g（中/乾性肌適用）一瓶（沐浴任選兩瓶325元）,Cristalhyal 綠色玻尿酸:,49980.0,196
7113419,舒潔濕式衛生紙40抽3入(新舊包裝隨機出貨),適量水分‧ 天然綠茶複合配方 適合天天使用‧ 不含酒精 大人小孩都可安心使用‧,49899.0,369
7275140,耕心田 甜橙去角質凝膠150g（二條優惠）        即將完售斷貨，喜愛🍊請把握最後數量唷！,無添加防腐劑MI/MCI、PARABEN,49875.0,125
7049954,DR.WU超逆齡多肽修復眼霜15ml,七天年輕一歲！更強韌超飽滿,49650.0,34
6436898,全新玉容亮白面膜-升級款（四盒超值）共20片,妝前敷：調理肌膚油水平衡，水潤Q彈好上妝曬後敷：舒緩肌膚不適，安撫亮白肌膚每天敷：使肌膚水感保濕淨白。,48930.0,70
7427338,友和植物酵素強力清潔噴霧super500ml,4516825005091,48720.0,168
7425776,DHC橄欖油護唇膏1.5g,4511413302163,48438.0,162
7083613,蘇菲彈力貼身超薄潔翼14片4入日用23cm,超瞬吸小孔表層,48160.0,344
7922778,【澳洲泥膜刷組】琥珀酸喚膚粉刺泥膜+德國金鋁製專業面膜刷 (雙頭毛刷組),｜琥珀酸喚膚粉刺泥膜｜,48063.0,37
7824145,淨化控油拍檔｜琥珀酸喚膚粉刺泥膜 + 美白調理平衡露,｜淨化控油拍檔｜,47976.0,24
7952095,香水檸檬固髮洗髮精400g（一瓶）,適合一般及中乾性髮質,47880.0,171
7488778,亮顏啾啾 迷你2000膠原蛋白 200g（一瓶）胜肽化極小分子 無腥味,,47610.0,69
6661933,耕心田 緊實按摩油100ml（耕心田按摩油任選兩瓶999元）,,47321.0,79
7049939,霓淨思積雪草B5修護純粹精華30ml,修護敏感，肌膚彈潤保濕,46800.0,39
5418833,耕心田 舒緩精油滾珠瓶 10ml（真正薰衣草+甜橙+佛手柑）單瓶（任選三件85折）,草本植萃，源自天然的完美搭配,46644.0,156
7904217,招福平安活膚晶100g敏感肌適用（兩顆優惠）,琉璃苣、薰衣草、鼠尾草、無患子、銀杏、蕁麻、月桂葉、迷迭香、雪松、洋甘菊萃取、金縷梅萃取,46566.0,234
6278811,體味掰掰~ 森林系體香噴霧50ml（兩瓶省190元）,,46410.0,119
4598058,蔬果碗盤洗潔液-經典款1000g,檢驗通過國家CNS3800標準，符合食品用清潔劑標準 無患子植物性泡沫，安心使用 溫和不傷手蔬果農藥不殘留 不含漂白劑 不含螢光劑,46339.0,311
7044725,膚蕊 卸粧按摩霜250g,留住滋潤不留殘粧,45952.0,230
8153896,櫻花紫羅蘭亮白沐浴精華露600g（中性肌適用）一瓶（沐浴任選兩瓶325元）,櫻花紫羅蘭香氛~,45675.0,203
7611119,妮維雅極淨透亮眼部卸妝液125ml,"眼周敏感肌適用,清爽,不熏眼,不刺激",45448.0,152
4878104,耕心田 洗頭水 山茶花柔順修護340g（單瓶特價）（任選三件85折）,● 天然胺基酸與肥皂草潔膚成分，泡沫細緻且溫和清潔● 堅持pH5.5弱酸，不易刺激肌膚/不流淚配方● 無添加SLS、SLES、ALS、CDEA、CMEA、皂鹼起泡劑● 無添加化學防腐劑/無添加矽靈化學順髮劑● 無添加人工化學色素/無添加化學抗菌劑● 高生物分解度，不造成環境汙染，環保愛地球,45448.0,152
7406670,毛鬆蓬軟~去味持久的寵物洗毛精250g（一瓶）,去除油臭味與髒汙（無患子、日本洗淨成分）,45440.0,142
6706590,洗去身體的冷~ 雙薑沐浴露500g（一瓶）（任選三件85折）,,45080.0,196
7469402,頂級山茶花黃金護唇膏(兩入),｜頂級山茶花黃金護唇膏｜,44955.0,45
7253531,妮維雅極致修護護手霜75ml,立即舒緩乾癢，並修護指緣乾裂、脫皮，新添加高濃度維他命原B5,44901.0,499
6448469,94%以上大自然成份的 藍風鈴芳香環境噴霧 300g（兩瓶特價）,可用於衣物/家中/辦公室/廁所/寵物/鞋子等,43727.0,73
7685693,一日30mg足量葉黃素飲（好喝）*10包/盒【加購品】,,43491.0,109
6716446,無患子萃取高濃度三倍洗淨無香洗衣精1000g新瓶口（單一回流瓶）,塑膠使用減少70%,43130.0,227
8276803,【APP獨享禮遇】黑鑽松露金緻抗老面膜【修復抗老巔峰】,｜黑鑽松露金緻抗老面膜｜,43050.0,35
7879166,蟲蟲大作戰~蟲新導航精油噴霧300ml+長頸鹿防蚊精油噴霧100ml+PMD檸檬桉葉防蚊液100ml+萬用清潔噴霧500g（各一瓶）,一般防蚊+咬後舒緩~請用長頸鹿防蚊精油噴霧,42826.0,46
7049861,BB 2%乙基維他命C美白精華30ml,配合5重玻尿酸，結合中小分子及特殊作用的陽離子玻尿酸及3D玻尿酸，,41776.0,151
7057401,樂品無染洗臉巾100抽-2款任選(新舊包裝隨機出貨),寶雅熱銷top1 乾濕兩用洗臉巾，千萬人次肯定,41671.0,559
8185804,巴黎萊雅優媚霜時尚魅力系列染髮霜,全新潮色!霧光暮幻髮色!,41311.0,109
7050175,Dr.FreeVenus藝群保濕精華乳-30ml,含玫瑰果籽油、小麥胚芽油和維他命C,41309.0,67
8244426,【絕版搶購】76酵母胺基酸淨膚潔顏露（亮面款）【鍾明軒推薦】,｜76酵母胺基酸淨膚潔顏露｜,41040.0,38
7048677,LOVEMORE豐台灣面膜5入-多款任選,"愛戀膜法玫瑰水白蠶絲面膜,以純淨台灣在地山玫瑰純露結合純淨海洋深層水，製成會隱形的蠶絲面膜",40963.0,137
7069356,好奇純水嬰兒濕巾加厚型70抽-小熊維尼限定(新舊包裝隨機出貨),飲用級純水: 寶寶無負擔,40950.0,1050
7069317,康乃馨律動美人貼身護墊38片*2無香14cm,1. 100%嬰兒棉表層觸感輕柔，棉片平整舒適不變形。,40577.0,516
4598549,植物肥皂140g*4顆(貼身衣物/嬰幼兒衣物)（*3盒，共12顆）,貼身衣物天天洗輕鬆除垢好沖洗天然環保安心洗,39932.0,134
7387776,巴黎萊雅 玻尿酸高效溫和 三合一卸妝潔顏水,全新 #超級玻尿酸 潔顏水,39920.0,80
7326616,玫瑰石能量沐浴~岩蘭草精油配方500g（能量波動系列任選兩瓶499元）,,39767.0,133
8148930,*有安全鎖的連續噴瓶一個100ml（空瓶，需自行填充）【加購品】,,39000.0,325
8504376,1028 唇迷心竅潤萃唇膏 (多款任選),細緻滑順奶霜質地，奢華綿密服貼雙唇，展現精緻光潤妝感。 ,38442.0,129
7213487,好自在氣墊棉秒吸抗黏10片日用28cm,革命性秒吸抗黏膩,38368.0,352
4843607,蜂王乳蜂蜜活膚晶100g (抗氧化緊緻+保濕配方/臉部及身體適用)（6顆組）,泡沫細緻，深層清潔洗完不緊繃，緊緻肌膚改善暗沉、保濕抗衰老,38092.0,107
8153871,白茶椿花抗菌沐浴精華露600g（中性肌適用）一瓶（沐浴任選兩瓶325元）,白茶香氛~,38025.0,169
7385241,蘇菲超熟睡內褲型衛生棉2片-XL (新舊包裝隨機出貨),360°Fit設計可以全方位防漏,37906.0,494
7685106,媚比琳36H極限持久激細抗暈眼線液-多款任選,眼線就要超持久X不脫妝X挑戰0.01MM超激細電眼極限! 造就全天超時完美眼妝!,37673.0,101
6436896,全新玉容亮白面膜-升級款（兩盒特價）共10片,妝前敷：調理肌膚油水平衡，水潤Q彈好上妝曬後敷：舒緩肌膚不適，安撫亮白肌膚每天敷：使肌膚水感保濕淨白。,37506.0,94
7048676,SEXYLOOK雙拉提面膜10入-多款任選,全天候建築肌膚的鎖水層，我的白 「水嫩Q彈」,37076.0,124
5569948,耕心田 心悅幸福精油滾珠瓶 10ml（玫瑰+尤加利+檸檬+天竺葵）單瓶（任選三件85折）,給予心靈幸福的力量,37076.0,124
8019860,嗜香氛HGP控油精油洗髮露300ml,"森林系迷人香氛:沉香醇百里香、杜松漿果、芳樟-清潔毛髮、深層放鬆。薄荷、桉油醇迷迭香、羅勒-能讓情緒自在放鬆。義大利永久花、紅橘-化解瘀滯的能量,讓脹痛的頭得到紓緩。晚香玉-補充頭髮水分，調理頭皮",37050.0,39
7355392,Relove馬甲纖so飲24包,Relove獨家七國專利配方有效擊破囤積,36960.0,22
8581461,1028 飛激長瞬翹防水睫毛膏 EX,激長EX-獨特筆直纖型刷頭，完美貼合眼型並深入睫毛間隙，搭配無重力超長纖維，刷出根根分明的激長睫毛。 ,36800.0,111
7312607,冰河水+EDI超純水 強保濕濕紙巾（80抽）一箱（24包）整箱出貨,ECOCERT認證加拿大冰河礦物水,36720.0,27
7291338,ettusais 艾杜紗 魔束捲翹睫毛底膏 6g (黑色),在日本彩妝界擁有無可取代的崇高地位,36612.0,98
6904220,環境友善的衣物柔軟精1000g-回流瓶*1（任選三件85折）,,36540.0,126
5418796,耕心田 活力精油滾珠瓶 10ml（薄荷+尤加利+檸檬）單瓶（任選三件85折）,草本植萃，源自天然的完美搭配,36478.0,122
7291344,ettusais 艾杜紗 絕不失手眼線膠筆 0.09g (多色可選),打造細致濃密線條與驚人持妝力,36414.0,102
4599591,乳木果油細緻身體乳液320g (深層滋潤配方)（任選三件85折）,蘊含高含量頂級有機乳木果油、有機燕麥油及可可脂、潤澤質地好吸收不黏膩，能有效滋養柔潤肌膚，預防肌膚乾燥粗糙老化。添加玻尿酸能長效保濕潤澤易乾燥的身體肌膚，使肌膚維持水潤Ｑ彈有活力。搭配維他命E、B3、B5能有效修護滋養柔潤肌膚，對抗肌膚老化，減少乾糙細紋皺紋，使用後肌膚光滑有彈性。,36354.0,146
8024855,【超值加價購】環保帆布袋（獨家訂製款）,｜環保帆布袋｜,36135.0,365
6445889,*全新玉容亮白面膜-升級款-單片*1片 無外盒【加購物】,妝前敷：調理肌膚油水平衡，水潤Q彈好上妝曬後敷：舒緩肌膚不適，安撫亮白肌膚每天敷：使肌膚水感保濕淨白。,36080.0,902
8047280,黛絲恩髮根緊緊防斷去結限量組,,35995.0,57
6424157,97%以上大自然成份 茶樹抗菌泡浴液600ml（三瓶特價）,因原白色瓶器數量不多，部份出貨會改用咖啡色瓶器喔~,35940.0,60
6706631,洗去身體的冷~ 雙薑沐浴露500g（兩瓶）,,35890.0,97
8587489,*卡片式噴霧式瓶50ml（空瓶，需自行填充）【加購品】,卡片式設計輕巧好帶,35880.0,920
5391464,好聞的防蚊噴霧100ml ，99%以上大自然來源 （兩瓶省110元）,精萃茶樹精油中4T,35880.0,92
7229777,高絲涵萃潤肌精全效面膜32入(312mL)/包,具有洗顏‧化粧水‧乳液‧美容液‧粧前保濕效果,35425.0,71
6769740,94%以上大自然成份的 藍風鈴芳香環境噴霧 300g（四瓶超超值）,可用於衣物/家中/辦公室/廁所/寵物/鞋子等,35360.0,34
7049922,DR.WU潤透光密集淡斑精華20ml,明星成分穀胱甘肽,35340.0,53
8263960,風倍清浴廁用防霉防臭劑7ml*2-(清新柑橘/柔和花香),全天候阻斷黴菌生長循環,35097.0,123
7442165,AHC超能A醛賦活緊緻精華30ml,"『超能A醛』激活年輕超進化,14天打造煥采亮澤青春美肌!",35000.0,28
4878090,耕心田 洗頭水 柑仔清爽控油340g（單瓶特價）（任選三件85折）,天然胺基酸與肥皂草潔膚成分，泡沫細緻且溫和清潔,34983.0,117
7063501,Perfect洗顏專科超微米深層潔顏乳120g,吸附毛孔內老廢角質，添加蠶絲蛋白精華，5倍超濃密泡泡,34980.0,220
7432135,Pharmaact無添加潔顏乳130g,4513574009103,34634.0,866
7046074,媚比琳新宛若真眉柔霧塑型眉膠筆,"獨特的眉膠幻化眉粉材質, 眉彩完妝瞬間展現蓬鬆輕盈的眉型",34620.0,157
7197423,99%以上大自然來源的小野花玫瑰美胸按摩油100ml（單瓶）,,34320.0,88
7091006,Za 旋轉眉筆 (多款任選),修飾眉型,34182.0,211
8256272,滑順不NG ~ 超持久眼線膠筆（單支）,採用Trimethylsiloxysilicate成膜防水矽油,34029.0,171
7426896,日本花王_新2蒸氣感舒緩眼罩12P薰衣草香,4901301348043,34003.0,131
7253660,妮維雅驅黑淨白精華凝乳320ml,3倍！白得深層！有效打擊黑色素,33864.0,136
4602588,玫瑰香氛亮白玉容散沐浴乳450g-明星最愛(中性肌)（3瓶）,精選15種漢藥秘方研製添加保濕玫瑰花水泡沫細緻不刺激,33660.0,102
7824272,小黑蚊怕怕~PMD檸檬桉葉防蚊液100ml~ 98.5%大自然來源成份（兩瓶）,無添加DEET（敵避成分）,33433.0,67
7213488,好自在氣墊棉秒吸抗黏12片日用24cm,革命性秒吸抗黏膩,33354.0,306
7469370,德國金鋁製專業面膜刷 (雙頭毛刷組),｜德國金鋁製專業面膜刷｜,33155.0,95
8174082,口感香甜甜❤️蜜桃漱口水500ml（含氟量220ppm）一瓶,無添加酒精,33060.0,114
7386093,【絕版加價購】黑松露金萃喚顏面膜,｜黑松露金萃喚顏面膜｜,32967.0,33
8536307,甩水輕盈湯浴包 全身暖呼呼（10g*6入） 多包更優惠,舒展緊繃,32890.0,110
7344968,寶貝嬰兒舒緩二合一(泡泡浴露)400g（單瓶）任選三件85折,不含化學人工香精、皂鹼不含石化界面活性劑、不流淚、不刺激,32864.0,158
7044713,凱婷 凝色柔滑眼線膠筆,耐皮脂 耐磨擦 速乾不易暈染,32783.0,103
7064636,萊雅三合一卸妝潔顏水 400ml-2款任選,添加法國玫瑰保濕精萃、法國高山泉水能深層潤澤肌膚,32763.0,67
7787884,MKUP 空氣感精華粉底液30ml (不含粉撲),1.輕透服貼,32487.0,49
8075447,微涼 消異味 玫瑰原精 花水牙膏 65ml（兩條）,木糖醇微涼配方,32430.0,47
7523180,P&G_Ariel超強潔淨4D洗衣膠球39P補,4987176062765,32079.0,111
4843542,玫瑰玉容活膚晶100g (有機玫瑰精露-增加保濕度/臉部及身體適用)（6顆組）,無患子清潔配方宮廷秘方玉容散，深度嫩白科技化奈米珍珠粉,32040.0,90
7476981,古寶藥妝 乾癢肌愛用 燕麥脂胺基酸沐浴慕斯400ml（兩瓶）補充瓶（沒有附壓頭喔！）,,31980.0,82
8216749,FINO高效滲透護髮膜300g限量,居家沙龍護髮專用內含7種美容頂級精華液,31938.0,142
7656170,凱婷 零瑕肌密柔霧粉底液(多色任選),"持粧一整天,柔霧粧,感粉底液",31599.0,79
4982206,植物舒緩-木醣醇牙膏(150g*4條),無患子含有高量的植物性皂素，是一種有清潔能力的植物性清潔成份。在化學清潔用品尚未發明時，傳統都會用無患子果實來做身體各方面的清潔，以無患子果實加上木醣醇做成的牙膏，溫和舒敏不刺激。保持口氣芬芳。每日用餐後及早晚固定使用並配合正確的刷牙習慣，可幫助預防口腔異味、幫助去除牙漬、潔白牙齒、清新口氣、保持口腔健康、清潔牙齒，對口腔健康有相當的助益。,31500.0,63
7344920,寶貝嬰兒舒緩洗髮精400g（單瓶）任選三件85折,不含化學人工香精、皂鹼不含石化界面活性劑、不流淚、不刺激,31200.0,150
7114668,蕾朵兒Ladoore 法式新娘薄款隱形內衣,玩美新娘的爆乳密技,31200.0,80
7624569,(箱購)iBEAUTY夜の美姬膠原飲50ml,添加修復必須營養素，找回少女自然肌,31200.0,16
7969121,好溫和的水潤潤私密清潔露250g（一瓶）95%以上大自然來源成份,95%以上大自然來源成分,31020.0,94
7308134,一家人益生菌抗痘美白沐浴乳500ml,天然起泡劑添加獨家細緻泡沫更添加潤澤美白維生素C、抗痘抗菌防護因子、保濕舒緩之尿囊素、年輕肌膚之星辰花萃取、pH5.5純中性配方適合全家大小使用,30845.0,155
7255216,靠得住草本抑菌衛生棉14片3入23cm(新舊包裝隨機出貨),Kotex 靠得住 草本抑 菌 乾爽新升級,30730.0,222
7957791,AHC超微導B5能量修護賦活霜50ml,【革命性修護因子 啟動肌膚修護力 全面舒緩外在刺激】,30720.0,24
7083620,蘇菲超熟睡內褲型衛生棉2片-L (新舊包裝隨機出貨),內褲型設計，全方位防漏,30642.0,408
7046082,媚比琳 黑眼圈擦擦筆6ml,獨特氣墊海綿，專為眼周脆弱肌膚設計，降低不必要的刺激與摩擦!,30627.0,123
6424149,97%以上大自然成份 茶樹抗菌泡浴液600ml（單瓶）（任選三件85折）,因原白色瓶器數量不多，部份出貨會改用咖啡色瓶器喔~,30411.0,109
7526562,古寶藥妝 熱感桑一下 身體舒緩凝膠100g（單瓶）,,30400.0,95
7261473,舒潔長包紙手帕10抽15入(包裝隨機出貨),紙質柔軟，適合柔嫩肌膚,30393.0,307
7355388,Relove瞬淨Ku溜零毛髮霜80ml,用最溫和的方式跟毛毛說再見！Relove獨家開發設計，使用非侵入性的方式，輕輕鬆鬆告別亞馬遜毛林！夏天嶄露自信唯一指定—瞬淨·Ku溜零毛髮霜,30363.0,37
7105773,薇佳微晶3D全能洗顏霜100g,富含30%胺基酸的超晶透泡泡，深層清潔毛孔髒污,30160.0,52
8151834,妮維雅潤膚乳液400ml-美白潤膚,5天擊退黑色素含50倍維他命C之卡姆果精華，終結黯沈提升明亮度,30039.0,111
7369121,耕心田 西西里檸檬去角質沐浴乳500g,耕心田美人系列任選兩瓶399元,29900.0,100
7069942,聯華萬歲牌開心果(原味)100g,果實渾圓飽滿，口感清脆爽脆,29726.0,334
7072831,角落小夥伴純水濕紙巾80抽-有蓋,可愛又能清潔的角落小夥伴濕紙巾採用掀蓋加上抽取式使用方便清潔又衛生,29547.0,603
7641006,白蘭香氛洗衣球23顆袋裝-多款任選,輕盈純淨的英式香氣 彷彿沉浸在陽光灑落的英倫庭園,29452.0,148
7053348,我的心機-玻尿酸保濕鎖水黑面膜8入,以「先淨膚再導入」翻轉肌膚概念，綻放淨透亮!,28704.0,96
7730706,BB 2%植物型神經醯胺透潤精華30ml,黃金比例高濃度，一滴滲入2%調理精華,28500.0,75
6278805,體味掰掰~ 森林系體香噴霧50ml（一瓶）（任選三件85折）,,28420.0,98
7046077,媚比琳FIT ME 遮遮稱奇遮瑕膏6.8ml,遮瑕打亮 一隻兩用,28310.0,95
7050169,Dr.Free Venus藝群-10%杏仁酸嫩膚精華露30ml,結合3重酸「杏仁酸、水楊酸及焦葡酸」,27925.0,68
7307658,SIMPLY日本專利益生菌30包,3600億活活性益生菌,27720.0,28
7611108,妮維雅純萃身體乳350ml-天然有機酪梨,98%天然成分: 符合國際標準ISO 16128,27575.0,275
7097875,優媚霜時尚魅力系列 #6.41巧克力棕色,首創 絕美霧光髮色,27547.0,73
7426898,日本花王_新2蒸氣感舒緩眼罩12P玫瑰花香,4901301348098,27512.0,106
7344956,舒緩寶貝嫩肌嬰兒清爽乳液250g（單瓶）任選三件85折,不含化學人工香精富含有機乳木果油、向日葵油添加有機甘草、小白花萃取,27456.0,132
7538600,古寶無患子洗髮450g-強健髮根咖啡因控油,無矽靈洗髮全新升級，特別添加日本洗淨成分，加強去除頭皮皮脂異味,27432.0,128
7053363,我的心機高效安瓶EX面膜4入-保濕補水,高滲透輕質美容凝乳精華,27344.0,256
7083581,日本絲花化妝棉80片(2入),絲綢表層細緻肌觸全面封口不留棉絮。,27158.0,316
7044759,花仙子克潮靈集水盒替換400ml*3,通過SGS無毒測試，使用更安心,27048.0,392
8014682,最具防護力的四級胺抗菌噴霧500ml（兩瓶）,由LONZA提供的實驗報告中，顯示有效抗菌！,27000.0,60
7440233,極品青春馬胎盤膠囊60粒,4930265000018,27000.0,3
7476962,古寶藥妝 乾癢肌愛用 燕麥脂胺基酸沐浴慕斯400ml（兩瓶）,,26880.0,56
7097873,優媚霜時尚魅力系列 #6.13奶茶棕色,首創 絕美霧光髮色,26849.0,71
7426899,日本花王_新2蒸氣感舒緩眼罩12P完熟柚香,4901301348036,26779.0,103
7053324,樂天小熊餅乾家庭號195g-多款任選,每口皆可享受香濃綿順的巧克力滋味，令人一口接一口!,26657.0,223
7924552,SOFINA漾緁勻亮控油調色隔離乳25ml,,26602.0,87
7088381,妮維雅極潤修護乳液400ml,2週斷絕乾癢難耐,26543.0,127
5382957,蔬果碗盤洗潔液-檸檬綠茶酵素補充包800g (去腥配方),檢驗通過國家CNS3800標準溫和不傷手符合食品用清潔劑標準,26520.0,221
7097876,優媚霜時尚魅力系列 #6.73亞麻灰棕色,首創 絕美霧光髮色,26470.0,70
8127353,MKUP 去你的瑕疵粉餅,商品特色,26010.0,45
6115317,*乾洗手噴霧90ml（75%酒精+植物精油+護手配方）單瓶【加購品】,隨身外出瓶，攜帶超方便,25942.0,238
7083939,Hair Recipe 髮的食譜 生薑蘋果防斷滋養洗髮露530ml,"生薑”防斷配方,蘋果“修護配方",25826.0,74
7122095,金緻護髮精油植萃精華100ml-多款任選,萃取薰衣草與甜橙精油，強大舒壓能量與深度潤澤，喚醒秀髮原生的美麗與強韌,25757.0,43
7044718,媚點 光透柔焦蜜粉,打造如棉花糖般膨彈美肌,25711.0,99
7708074,曼秀雷敦Acnes痘痘貼 金盞花添加 綜合型26入(新舊包裝隨機出貨),添加金盞花精油,25676.0,324
7279648,蕾妮亞極吸好眠香氛衛生棉8片3入夜30cm,療癒薰衣草香有助放鬆舒緩身心,25576.0,184
7902183,*自動給皂機（內容量350ml）【加購品】,,25560.0,71
7624541,(箱購)iBEAUTY極濃青春膠原飲50ml,5000mg珍稀海洋膠原蛋白，滿滿膠原喝的到,25350.0,13
7255220,靠得住草本抑菌衛生棉12片3入28cm(新舊包裝隨機出貨),Kotex 靠得住 草本抑 菌 乾爽新升級,25226.0,182
7059829,蕾妮亞零觸感特薄衛生棉超值量販組(16片x2包)-日用25cm(包裝隨機出貨),0.1cm超激薄x2倍吸收,25186.0,139
7507541,麗仕清新法式小蒼蘭香氛去屑洗髮精470g,"打造柔美光澤的秀髮,享受法式香氛縈繞髮絲的優雅魅力",25116.0,84
7305847,麗仕法式莊園橙花香氛柔順洗髮精470g,打造柔美光澤的秀髮，享受法式香氛縈繞髮絲的優雅魅力,25116.0,84
8158717,好自在熊抱安睡褲4片-XL,蜜桃形剪裁貼臀型,25012.0,148
7046083,媚比琳FIT ME空氣絲絨蜜粉,平滑毛孔，完美定妝，親膚卻不厚重，彷彿給肌膚空氣柔焦模式般，打造完美絲絨臉妝！,24879.0,71
7305848,麗仕浪漫法式玫瑰香氛豐盈洗髮精470g,打造柔美光澤的秀髮，享受法式香氛縈繞髮絲的優雅魅力,24518.0,82
7426931,日本花王_新蒸氣感舒緩眼罩12P森林浴香,4901301384621,24498.0,94
8014664,最具防護力的四級胺抗菌噴霧500ml（一瓶）,由LONZA提供的實驗報告中，顯示有效抗菌！,24360.0,87
8499605,heme 晶亮臥蠶筆 0.31g (多款任選),高持久維持妝效 細緻筆芯精準描,24231.0,119
7069350,靠得住草本瞬吸護墊24片2入17.5cm,加長型，專為經期前後設計,24219.0,351
7083592,蘇菲超熟睡彈力貼身衛生棉8片3入35cm,日本首創 超大蝴蝶扇尾,24186.0,174
7278921,高露潔抗敏感超微泡牙膏120g-兩款任選,"抗敏感超微泡科技,提供更好的刷牙口感及更佳的抗敏效果",24079.0,121
7915247,我的心機2%玻尿酸極效保濕精華30ml,Hydra PRO  史上最強保濕,24070.0,83
7271354,味彩綜合豆果子 14+1入 360g,"新鮮綜合豆類,搭配日式特調醬汁呈獨特酥脆風味",24040.0,120
7049868,BB 18%杏仁酸精華30ml,18%濃度精華液  | 進階調理  | 暢通毛孔，改善皮脂粉刺。,23895.0,42
7344964,寶貝小蘇打奶瓶蔬果清潔劑620g（單瓶）（任選三件85折）,不含化學人工香精、皂鹼不含石化界面活性劑、給寶寶無毒環境,23828.0,161
7538577,古寶無患子洗髮450g-活絡調理薑萃草本,無矽靈洗髮全新升級，特別添加日本洗淨成分，加強去除頭皮皮脂異味,23790.0,110
7053660,刷樂專業護理漱口水750ML-水蜜桃,約會必備!水蜜桃香氛 氣息不尷尬,23625.0,105
7105824,驅塵氏香氛環保清潔袋3入 - 多款任選,SGS檢測8倍耐破，強韌度超高,23621.0,299
7176579,肌研光透潤面膜6入-瞬效補水,"高效玻尿酸能提高含水量並柔軟角質,改善乾燥粗糙",23541.0,59
7310876,Gliss極致賦活修護髮膜300ml,來自海洋能量修護乾枯受損髮質,23520.0,49
7772711,好聞的防蚊噴霧600ml補充瓶 ，99%以上大自然來源,精萃茶樹精油中4T,23500.0,27
4982226,植物舒緩-木醣醇牙膏(150g*2條),無患子含有高量的植物性皂素，是一種有清潔能力的植物性清潔成份。在化學清潔用品尚未發明時，傳統都會用無患子果實來做身體各方面的清潔，以無患子果實加上木醣醇做成的牙膏，溫和舒敏不刺激。保持口氣芬芳。每日用餐後及早晚固定使用並配合正確的刷牙習慣，可幫助預防口腔異味、幫助去除牙漬、潔白牙齒、清新口氣、保持口腔健康、清潔牙齒，對口腔健康有相當的助益。,23490.0,87
7440258,DHC維他命C(30日份)60粒,4511413603741,23400.0,130
8532406,巴黎萊雅紅繃帶日霜10效奇蹟修護組,紅繃帶日霜 10效奇蹟修護,23364.0,36
7230154,高絲美顏定格持粧噴霧85ml,全新噴頭擁有更細緻水霧，形成均勻定粧護膜,23256.0,76
7307398,BB 30%杏仁酸精華30ml,"30%濃度精華液,重點保養,淡化印記,局部點綴加強保養!",23115.0,35
7176580,肌研光透潤面膜6入-極致水潤,"日本藍藻精華能形成360°長效鎖水網,將保養精華密封直達肌底",23042.0,58
7268534,INNEX植萃賦活 強健養髮精華液45ml,以歐美日專利CAPIXYL™.健髮胜肽，高效滲透科技於頭皮迅速吸收，有效感受髮根強健、秀髮豐盈,22977.0,23
7440132,全方位維他命PLUS 瑪卡錠 (男性專用)90粒,4966486600706,22800.0,19
7108429,艾瑪絲5α捷利爾頭皮淨化液(2%)260ml,"洗淨頭皮髮絲 ,淨化角質與調理頭皮健康",22750.0,65
7870022,(箱購)靠得住晚安好眠褲2片均碼*20入,透氣款棉柔材質,22475.0,25
8130086,KAFEN何首烏染髮膏Plus+ 400ml-咖啡棕,,22455.0,45
6556591,*可以連續噴兩秒的噴瓶一個（空瓶，需自行填充）180ml【加購品】,,22360.0,172
7882470,凱婷 進化版持久眼線液筆 EX3.0 (多款任選),進化彈力筆尖，簡單繪出自我風格,22224.0,76
7063289,媚比琳眼唇卸妝液70ml,質地清爽，敏感肌膚適用！,22201.0,114
7148903,蘇菲超熟睡內褲型乳木果油衛生棉2片-L,添加乳木果油成分，溫柔守護肌膚,22147.0,373
7030826,Q彈矽膠防滑肥皂架（單入）【加購品】*,,22135.0,233
8532403,巴黎萊雅活力緊緻積雪草修護奇蹟露組,NO.1濕敷精華水!,22066.0,34
7538598,古寶無患子洗髮450g-舒緩乾癢真正薰衣草,無矽靈洗髮全新改版上市!植物萃取與精油添加再升級!,22059.0,101
7049809,舒摩兒賦活美學浴潔露237ml-2款任選,首發私密益生元 原創專業領導,21903.0,47
7176577,肌研光透潤面膜6入-深層美白,"嚴選4重亮白精華、熊果素、傳明酸、菸鹼醯胺、甘草精華,能直達斑點根源,抑制黑色素",21845.0,55
7426897,日本花王_新2蒸氣感舒緩眼罩12P洋甘菊香,4901301348067,21754.0,84
7069939,聯華萬歲牌蜜汁腰果100g,嚴選加州酥脆腰果，低溫烘焙、鹽味調味，絕妙雙重口感及風味，健康指數也加倍,21716.0,244
7309242,Ariel 4D抗菌洗衣膠囊31顆袋裝-去漬,碳酸発想の極淨,21675.0,65
7083951,Hair Recipe 髮的食譜 米糠溫養豐盈洗髮精350ml,檸檬青檸香氛,21564.0,36
6661913,耕心田 舒緩按摩油100ml（耕心田按摩油任選兩瓶999元）,,21564.0,36
7064246,凡士林潤膚露400ML-3款任選,24小時*保持肌+O20:P21膚潤澤，迅速吸收，清爽不黏膩,21363.0,87
7044968,VONO味之素醇緻濃湯-多款任選,,21358.0,362
7344866,寶貝嬰兒舒緩沐浴露400g（單瓶）任選三件85折,不含化學人工香精、皂鹼不含石化界面活性劑、不流淚、不刺激,21216.0,102
7044736,凱婷 進化版極細持久眼線筆,極細杏仁型筆芯，不暈染掉色,21070.0,61
8037475,巴黎萊雅玻尿酸眼霜級撫紋精華霜30ml-紫熨斗PRO,全新普拉斯鏈PRO，2倍濃度!,20979.0,21
7049920,霓淨思極透光亮白淡斑精華30ml,NO.1亮白精華，7天有感透亮,20920.0,16
7754258,黑不溜丟弱酸洗髮皂 100g（兩顆）,【各種髮質使用頻率推薦】,20900.0,55
7179893,iBEAUTY動動卡控窈窕膠囊349mg*60顆,專利益生菌 改變細菌叢生態調整體質,20797.0,103
5389296,好聞的防蚊噴霧100ml ，99%以上大自然來源（任選三件85折）,★明星商品訂單量太大，出貨可能會晚一點喔❤️,20750.0,83
8118897,凡士林經典高純修護凝膠100g,護唇膏、腳跟龜裂、預防紅屁屁,20698.0,262
8569943,我的心機身體去角質250g-細緻亮白莓果C,代謝老廢角質拋光肌膚，同時為肌膚打造光滑細緻的健康光澤,20696.0,104
7817628,靠得住蘆薈高透氧護墊24片*4無香17.5cm,蘆薈精華表層,20570.0,242
7523182,P&G_Ariel微香潔淨4D洗衣膠球39P補,4987176062369,20519.0,71
5711208,耕心田 植萃舒 精油芳香噴霧100ml（真正薰衣草+甜橙+佛手柑）（任選三件85折）,適用於衣物、室內空間、寢具、鞋子、汽車內,20480.0,64
7090936,Za美白防曬霜EX 35g,粧前打底修飾膚色不均,20383.0,109
7083609,蘇菲超熟睡細緻棉柔6片41.5cm,日本首創 超大蝴蝶扇尾,20349.0,171
7094567,naturie薏仁清潤化妝水 500ml,富含保濕成分的化妝水，賦予肌膚水嫩潤澤，調整肌膚到更好的狀態。,20298.0,102
7403955,Pelican馬油潤澤美膚皂80g,4976631477916,20261.0,519
8090331,萊潔N95醫療防護成人口罩20入-海洋藍,獨家一萬等級無菌室規格工廠生產,20250.0,15
7047881,1028 放色線激穩抗震眼線液,激穩抗震，控暈持色 0.01mm激細筆尖,20152.0,61
7565319,水之印 健康浸透化妝水 220ml (清爽/滋潤兩款可選),打造健康肌膚，不分性別皆可使用！,20060.0,59
8499604,heme 無瑕持久遮瑕蜜 6ml,高遮瑕一抹隱形 輕盈水感不厚重,20014.0,82
7250655,樂品成人醫用口罩50枚盒裝-酷炫黑,高透氣,19900.0,100
7260564,白蘭超濃縮洗衣球27顆袋裝-強效潔淨,"\"\"\"台灣熱銷NO.1的洗衣品牌& 白蘭良好品質保證(&係根據台灣尼爾森市調2019年(不含全聯通路)，白蘭全系列為洗衣品類中市佔率第一)",19899.0,201
5113104,玫瑰柔潤沐浴露450g-性感香氣(保濕配方/中乾性肌)一瓶（沐浴任選兩瓶325元）,有機玫瑰花精露：維持肌膚水嫩。,19845.0,81
7198981,BIONEO百妮 白金魚子膠原胜肽保濕凝霜50ml,"以珍貴魚子抗老精華與各型膠原蛋白的彈力元素補充,搭配六胜肽作為撫紋功能,並以特殊白金微粒子為穩定載體,修護緊緻肌膚、淡化皺紋、立體式注水保濕,感受肌膚緊實有彈力的極致保養",19809.0,71
7165884,KissMe花漾美姬一刷睫淨睫毛膏卸除液,• 快速滲透超防水型睫毛膏，瞬間溶解卸除！,19584.0,72
7812758,KOSE涵萃 潤肌精 洗顏霜 粉潤雙星組,以雙掌輕柔搓揉產生綿密細緻的豐盈泡泡，溫柔地包覆肌膚並將毛孔中的皮脂髒污以及老廢角質徹底帶走洗淨。,19435.0,115
7143056,I’M MEME我愛口袋彩妝小方盒,一盒結合眼彩腮紅，輕巧好攜帶，外出神隊友,19393.0,43
7538599,古寶無患子洗髮450g-深層潔淨檸檬馬鞭草,無矽靈洗髮全新升級，特別添加日本洗淨成分，加強去除頭皮皮脂異味,19272.0,88
7327145,小白兔暖暖包24hr/10p/日文版,最高溫度65℃，平均溫度51℃,19182.0,138
7156962,(箱購)好奇純水嬰兒濕巾加厚型70抽-小熊維尼-18入,飲用級純水: 寶寶無負擔,19176.0,24
8189318,JIX三色遮瑕盤,✔️三色遮瑕盤 ✨ 美妝youtuber大推款,19140.0,33
7089832,ON THE BODY SPA沐浴600g-黑玫瑰以色列海鹽(新舊包裝隨機出貨),添加淨化能量：以色列死海鹽含多種礦物質調理淨化肌膚促進肌膚新陳代謝以及使肌膚恢復水嫩彈性細緻柔嫩泡沫有效促進角質更新打造滋潤柔嫩肌膚。,19136.0,32
7063580,霓淨思N3面膜8片-澳洲茶樹平衡淨化,保持肌膚水嫩,19074.0,136
7083614,蘇菲彈力貼身超薄潔翼12片4入夜用28cm,超瞬吸小孔表層,19040.0,136
4585961,LOTUS蓮花精華美容皂100g(植物多醣-保濕鎖水，荳荳肌指定/臉/身體)（買一送一）,2大神農獎得主攜手研發手工採集高濃度胎盤精華補充膠原蛋白，肌膚Q彈水嫩,18972.0,93
7385359,蘇菲超熟睡超薄乾爽瞬吸層14片3入28cm,"\"\"\"超柔軟乾爽瞬吸層，柔軟膚觸0摩擦",18904.0,136
8031117,MKUP超抗暈隕石眼線液筆,商品特色,18873.0,53
8539440,【廠商直送】(箱購)御衣坊純水濕紙巾80抽36入-三麗鷗澡堂款,質地棉柔舒適觸感溫和親膚,18870.0,21
7266240,【廠商直送-公司貨】SK-II PITERA精華體驗組,原廠公司貨,18850.0,13
7310879,Gliss極致賦活修護1分鐘髮膜200ml,來自海洋能量修護乾枯受損髮質,18837.0,63
7105678,我的心機黑面膜8入-多款任選,以「先淨膚再導入」翻轉肌膚概念，綻放淨透亮!,18837.0,63
7405185,品客洋芋片110g-多款任選,品客經典口味,18810.0,285
8080842,1028 我型我塑持色眉筆EX (多款任選),超進化：柔滑礦物色粉，顯色持久耐汗不結塊。,18576.0,72
7689786,Simple超能發光安瓶精華30ml-10%菸鹼醯,暗沉瑕疵疲勞救星,18569.0,31
7689813,Simple超能修護安瓶精華30ml-3%玻尿酸B5,缺水乾燥敏感救星,18569.0,31
7252271,Lenor衣物芳香豆補充包455ml-多款任選,日本銷量No.1衣物芳香品牌,18523.0,77
7083619,蘇菲超熟睡內褲型衛生棉2片-M (新舊包裝隨機出貨),內褲型設計，全方位防漏,18517.0,233
7307978,康乃馨醫療口罩一般耳帶30片盒裝-黑色,防塵、過濾細菌使用。,18447.0,143
7083135,施巴潔膚露1000ml,洗的保養品，洗臉沐浴一瓶兩用,18174.0,26
7059818,蕾妮亞超吸收褲型衛生棉5片,48cm超長吸收體：防護直到腰部,18165.0,105
7262425,麗奇3.5mm牙周對策牙刷-彈力細毛,"\"\"\"3.5mm刷毛長度符合牙齦溝槽深度，能深入清潔牙周，刷毛更有彈力，輕鬆按摩牙齦。",18138.0,462
8209696,曼秀雷敦頂級濃潤柔霜潤唇膏-完熟白桃,1. 水凝潤澤技術,18083.0,107
7113422,舒潔淨99抗菌濕巾10抽3入,添加乳木果油與蘆薈配方,18081.0,455
7294320,曼秀雷敦頂級濃潤柔霜潤唇膏3.3g-清酒,水凝潤澤技術：革命性技術使緊緊包覆雙唇的唇膏能不斷吸收空氣中水分，持續替唇肌補水，挑戰開架潤唇膏最長保濕力。,18046.0,224
8227562,DR.WU角鯊玫瑰果賦活精華油30ml,天然植物精萃複合油，獨特輕透盈潤質地，能深層修復肌膚，賦予青春能量，蘊含高濃度植萃角鯊烷，複合有機玫瑰果油、有機 摩洛哥堅果油及天然琉璃苣油，為肌膚補充必需脂肪酸和維他命因子，維持表皮屏障健康，強化肌膚防禦力，改善乾紋、粗糙、暗沉現象，使肌膚恢復光澤飽滿、彈潤淨透。,17990.0,10
7097414,生發75%清菌酒精液 500ml,衛部成製第016739號,17978.0,202
7664418,我的心機3%傳明酸阻黑煥白精華30ml,專攻「印記瑕疵」,17940.0,46
8100251,美舒律蒸氣眼罩5片-多款任選,美舒律 蒸氣眼罩 舒緩疲勞身心，隨時創造自我專屬休息時間,17850.0,85
7255222,靠得住草本抑菌衛生棉8片3入35cm(新舊包裝隨機出貨),Kotex 靠得住 草本抑 菌 乾爽新升級,17819.0,129
6115391,乾洗手噴霧100ml（75%酒精+植物精油+護手配方）單瓶（任選三件85折）,★目前噴頭均為白色短噴頭,17792.0,128
7322418,妮維雅密集修護乳液400ml,乳木果精萃油滲透肌理，有效補水滋潤，揮別乾裂問題,17791.0,99
7117673,碧菲絲特即淨卸妝棉46張-多款任選,乳酸配方軟化角質改善黑頭!,17766.0,94
7999340,Persil抑菌防螨洗衣凝露補充1.5L,尤佳利精華配方,17734.0,56
7664421,我的心機18%杏仁酸淨透煥膚精華30ml,深層淨嫩 / 粉刺終結 / 肌活新生,17700.0,30
8150049,手提收納包（防水大容量設計）,※手提收納包內不含保養品,17641.0,59
7048678,LOVEMORE豐台灣面膜5入-多款任選,,17641.0,59
8169274,Lovita愛維他兒童綜合維他命軟糖90顆,"每日1顆輕鬆補充維生素A,B,C,D,E, 葉黃素等10種營養",17640.0,18
7099528,提提研黑面膜5入-多款任選,除了提提研，全台灣你找不到第二塊一樣的布膜。,17636.0,86
7832795,P&G_Bold衣物柔軟4D洗衣膠球花香39P補,4987176062505,17629.0,61
7250940,康乃馨3D立體兒童醫療口罩30片-多款任選,衛部醫器製壹字第007858號,17460.0,97
8221598,NES cosmetics不暈不塌極細防水睫毛膏3.5g,NES睫毛膏主打不暈、不塌、防水、極細刷頭；長握柄的設計，讓你化妝的時候手指頭不抽筋，睫毛新手也能輕鬆掌握！沾黏眼皮、蟑螂腳等煩惱，皆可迎刃而解。,17442.0,38
7991772,KOSE涵萃 潤肌精 速效水潤明星組,洗臉後只要1瓶，使肌膚充滿緊緻濃密滋潤，立即實現零毛孔美肌的全效水凝霜。添加以最佳比例調製的高親膚性美容成分，洋溢清爽不黏膩的水潤感。,17284.0,58
7308020,康乃馨3D立體兒童醫療口罩30片-多款任選,衛部醫器製壹字第007858號,17280.0,96
7938593,吉．福．旺 平安富脂皂（三顆/盒）（兩盒超低特價）,,17280.0,36
7047869,1028服服貼貼遮瑕膏 (多款任選),高保濕．滑順質地好推不卡紋,17278.0,72
7665593,3CE九宮格眼影（多款任選）,從祕密花園汲取靈感的細膩組合，提升氛圍感必備！同時帶來熱情和溫柔的殘影，瀰漫在記憶中久久不散，讓人愛不釋手的九宮格系列，搞定你的日常約會妝容！,17235.0,15
7064268,凡士林護唇膏4.8g -兩款任選,自然配方,17228.0,292
7057407,樂品 無染洗臉巾100抽-雙效款(新舊包裝隨機出貨),寶雅熱銷top1 乾濕兩用洗臉巾，千萬人次肯定,17222.0,218
7049865,BB 6%維他命B3+水楊酸調理精華15ml,高濃度6％維他命B3可強化肌膚保濕性及防護能力，,17150.0,49
8075430,微涼 消異味 玫瑰原精 花水牙膏 65ml（一條）,木糖醇微涼配方,17150.0,49
7553495,瑪榭包臀型中腰無痕抗菌內褲,銀離子抗菌纖維褲底 全方面保護私密處,17117.0,113
7750780,媚比琳輕柔眼唇卸妝液150ml,質地清爽，敏感肌膚適用！,17114.0,86
7099513,我的心機安瓶EX眼膜5對入-多款任選,養潤白皙型植萃配方，嚴選4種植物、2種美容油並奢華添加三重高效驅黑煥白因子，密鎖高凝縮精華於眼周肌膚,17043.0,57
7088425,妮維雅霜250ml,來自德國，擁有百年護膚專業經驗,16995.0,90
7430531,我的心機 極輕柔細緻洗臉巾100抽-平織(產地:台灣/中國 隨機出貨),乾濕兩用超便利 WET & DRY DUAL USE,16993.0,261
7322493,萊雅三合一卸妝潔顏水-深層極淨型 400ml,添加法國玫瑰保濕精萃、法國高山泉水能深層潤澤肌膚,16966.0,34
7099529,提提研超級纖維面膜2入-多款任選,除了提提研，全台灣你找不到第二塊一樣的布膜。,16830.0,170
7665567,Celefit 蜜桃膚提亮素顏霜 70g,粉色光澤即刻提亮膚色，一瓶維持整天好氣色，任何膚色均能使用，而且主打一瓶多用，不但可以作為妝前打底使用，還可用於身體肌膚局部提亮！富含桃子萃取物、維他命原B5、乳酸桿菌、玻尿酸，有助於鎮靜肌膚，賦予肌膚保濕，展現偽素顏的自然蜜桃光澤感！,16772.0,28
8045891,【廠商直送】Prodigy波特鉅-按摩趴睡舒壓枕,一枕多用-趴睡、正躺及側睡,16766.0,9
7452607,肌研極潤抗皺緊實高機能乳霜 50g,濃潤乳霜質地將抗皺成分鎖在肌底，有效減緩細紋生成,16758.0,42
7381777,全日營養肌美妍膠原蛋白飲_食品_100mL_10入,4969726109656,16660.0,14
7310312,刷樂專業護理漱口水750ML-清新,CHG+CPC 雙重防護配方,16650.0,74
7179895,iBEAUTY動動速酵代謝膠囊487mg*60顆,"源頭打擊澱粉,減少糖化損害",16618.0,82
8179153,潘婷PRO-V高濃保濕髮膜12ml*8密集修護,"3層護膚黃金成分,深層補水填補秀髮空洞。",16590.0,42
7098795,我的健康日記 夜食酵素30入,超級4大分解酵素,16580.0,24
7083598,蘇菲超輕柔超薄護墊40片3入天然無香,日本開發天然柔織表層,16536.0,127
8118832,凡士林5.5%果酸精華煥膚身體乳250ml,開啟凡士林肌膚保養 微生態修護科學。,16521.0,29
8570649,我的心機高效安瓶EX面膜4入-多款任選,高滲透輕質美容凝乳精華,16445.0,55
7064281,凡士林專業低敏修護乳液 400ml,美國製造，無香料無酒精，24小時長效保濕,16405.0,35
7648575,Solone天生激纖長睫毛膏-多款任選,延展性高，完全包覆每一根睫毛，一抹打造天生自然纖長效果。,16390.0,55
7470346,巴黎萊雅活力緊緻積雪草修護奇蹟露 V2,高純度積雪草精萃,16225.0,25
7053323,LOTTE樂天蛋黃派10入-香甜草莓,採用新鮮雞蛋及低甜度蛋黃奶油等上等原料，外層是精緻蛋糕，內餡是濃郁的蛋黃奶油，無添加任何人工味精及防腐劑。,16209.0,163
7307721,善存3效順暢益生菌粉末顆粒40包,7種益生菌：幫助維持消化道機能,16131.0,19
7050164,Dr.FreeVenus藝群-撫紋精華乳-30ML,含艾地苯(Idebenone)、維他命B5 (Panthenol)、α-熊果素(α-Arbutin)、神經醯胺(Ceramide)、水解大豆蛋白(Hydrolyzed Soybean Protein Extract),16114.0,38
7823581,霓淨思極透光亮白淡斑精華15ml,NO.1亮白精華，7天有感透亮,16094.0,46
7598806,Relove胺基酸私密潔淨凝露聯名限量組合(柯夢波丹雜誌聯名),贈限量粉紅怪獸手洗精80ml,16083.0,17
8223916,FLORTTE 花洛莉亞 哇塞好細眼線液筆 (多色可選),療癒童話筆身 四色可選 符合少女心的期待,16038.0,81
7252089,媚比琳新FITME反孔特霧妝前乳,FIT ME底妝系列從國民粉底「反孔特霧粉底液」，到一上架就搶購一空的空氣絲絨蜜粉，可說是開架NO.1的底妝大家族！,16017.0,57
7049940,霓淨思積雪草B5修護純粹凝乳50ml,潤澤鎖水，肌膚柔嫩細緻,16000.0,16
8080843,1028 空氣定格粉餅EX,柔霧裸紗：絲緞般細緻粉質再升級，溫柔貼合並修飾肌膚紋理、柔焦毛孔，同時提升遮瑕力，呈現無瑕微霧妝感。,15980.0,50
8084519,一匙靈抗菌EX植萃低敏洗衣精補充1.5kg,超越日曬等級 99.9%除菌力,15974.0,202
7049890,霓淨思跑趴超貼妝保濕面膜4入,大幅度提升肌膚的含水量,15969.0,81
7280918,韓國isLeaf香氛順盈護髮油-茉氣十足100ml,改善各種秀髮受損困擾,15960.0,100
7664422,我的心機30%杏仁酸淨透煥膚精華30ml,淡化瑕疵 / 明亮光澤 / 密集煥活,15870.0,23
7055328,洗去身體的冷~ 雙薑沐浴露500g（五瓶優惠組合）,,15840.0,18
8265737,待刪除-小甘菊七隻小羊拉鍊包,獨家格林童話系列七隻小羊拉鍊包，聖誕節交換禮物首選。從手部護膚到唇部的滋潤還有無香與玫瑰花香，這個冬天一次滿足你。,15792.0,48
7151367,絲蘊洗護系列420ml-多款任選,絲蘊控油蓬鬆系列，萃取天然成分,15768.0,72
7047880,1028 超控油UV校色飾底乳 (多款任選),藍色 去黃透明 自然潤亮,15756.0,60
7105555,瑪榭 薄感無縫抗菌中低腰三角褲,輕薄透氣 自在乾爽,15752.0,88
7083590,蘇菲日本原裝超熟睡10片42cm,高2CM超貼身立體防漏測邊,15750.0,126
7430503,我的心機 極厚實柔軟洗臉巾70抽-珍珠紋,乾濕兩用超便利 ，凹凸表面輕易帶走髒污。,15665.0,241
7245851,惹我清爽吸油蜜粉3.5g,控油+保濕+防曬,15640.0,115
8169211,Lovita愛維他金盞花萃取物含葉黃素30顆,全美專業眼科醫師推薦專利成分,15640.0,23
8573369,I’M MEME我愛奶霜柔霧唇釉 2.8g,無重力奶霜柔霧唇添加乳木果油打造絲滑柔順霧面質地，搭配霜轉粉霧黑科技，上唇輕盈無感、完美遮蓋唇色，打造絕美柔霧唇！,15604.0,47
7157504,*抓粉力一流的柔絨蜜粉撲一個【加購品】*,,15600.0,390
7624542,(箱購)iBEAUTY美妍晚安飲EX 50ml,睡眠路徑全覆蓋，深度修復，睡出美容覺,15600.0,8
7931064,媚比琳 飛天翹防水睫毛膏 黑色,一刷睫毛立即逆天飛翹!,15561.0,39
8133925,【預購】愛馬仕瑰麗唇膏4g_30,9200000000533,15500.0,10
7542024,靠得住草本抑菌日薄23cm12片,微米幕斯表層/99%抑菌/天然植萃,15483.0,396
7268529,INNEX植萃賦活 強健養護洗髮精510ml,以歐美日專利CAPIXYL™.健髮胜肽，高效滲透科技於頭皮迅速吸收，有效使髮根強健、秀髮豐盈,15469.0,31
7664416,我的心機2%乙基維C驅黑亮白精華30ml,專攻「偏黑/易黑」,15370.0,53
7624545,iBEAUTY極濃青春膠原飲50ml,5000mg珍稀海洋膠原蛋白，滿滿膠原喝的到,15340.0,236
7722432,ALLIE 持采濾鏡調色UV防曬乳 40g-多款任選,臉部專用，潤飾膚色，粧前打底效果，一般卸粧產品即可卸淨,15330.0,21
7311650,Dr.HUANG舒緩精華液50ml,保濕潤澤舒適，特殊包覆精華質地，包裹住珍貴營養成分，滿足皮膚所需的保濕感,15300.0,17
7083949,Hair Recipe 髮的食譜 米糠溫養修護洗髮精350ml,生薑檸檬香氛,15275.0,25
8172782,多芬結構修護高效安瓶髮膜-8入(3ml+12g),可洗前使用: 髮質受損嚴重時 (去完海邊/游泳/染燙後)可先護後洗，提供受損髪預先保護避免內部結構的蛋白質營養流失，達到進階的修護效果,15249.0,51
7611107,妮維雅安心舒緩水潤霜300ml,富含尿素&維他命原B5成分  安心舒緩 修護敏感泛紅,15170.0,70
7048697,SEXYLOOK超級仙人掌膠囊面膜3入-多款任選,仙人掌夜光2大精華添加,15162.0,38
7318601,歐樂B 3D電動牙刷PRO3-粉色,兩分鐘計時器+日常刷牙模式,15160.0,4
7055459,Biore深層卸粧乳180ml,瞬效極淨卸粧配方，能深入毛孔，迅速溶出持久性彩粧及污垢,15137.0,105
7556210,【廠商直送】The Ordinary亮白杜鵑花酸乳霜30ml(公司貨),無香精添加,15120.0,36
7262069,喝了好放鬆GABA無咖啡因 野桑茶30g（2g*15包）一袋,台東池上桑葉採集製成,15080.0,52
7235031,舒芙蕾 隱形貼合背扣內衣,創新織法：採40針雙面針織，布料完全不脫紗、不翻捲,15035.0,31
7060829,護妍天使隱形痘痘貼30入-日用型(水楊酸添加),淨痘升級：吸收力大提升，快速制痘,14964.0,116
5113109,玫瑰香氛亮白玉容散沐浴乳450g-明星最愛(中性肌)一瓶（沐浴任選兩瓶325元）,精選15種漢藥秘方研製添加保濕玫瑰花水泡沫細緻不刺激,14945.0,61
7049953,DR.WU超逆齡修復精華霜50ml,極速撫紋抗皺， 7天緊緻80%,14900.0,8
7309243,Ariel 4D抗菌洗衣膠囊31顆袋裝-室內晾衣,碳酸発想の極淨,14895.0,45
7088374,妮維雅潤膚乳液400ml-美體緊膚,5天擊退黑色素含50倍維他命C之卡姆果精華，終結黯沈提升明亮度,14857.0,83
7762495,水舞成人醫療立體口罩10入-3款任選,經典黑白2色、煙燻霧系5色一次擁有!!,14756.0,124
7824270,小黑蚊怕怕~PMD檸檬桉葉防蚊液100ml~98.5%大自然來源成份（一瓶）,無添加DEET（敵避成分）,14700.0,49
7480162,全方位維他命C發泡錠10錠,4716140881169,14640.0,122
8172531,【廠商直送】Pingo Royal K9 Plus外噴式負離子加長電棒-多種規格任選,-特色-,14640.0,8
8127354,MKUP不唬爛持久睫毛打底膏,【不唬爛持久睫毛打底膏】,14637.0,41
7049944,霓淨思玻尿酸保濕滲透乳液50ml,新一代保濕科技結合神經醯胺與克拉瑪斯湖藍藻,14613.0,39
7053354,我的心機 ．身體去角質霜250ml-玫瑰亮白,告別老廢角質，迎接細嫩肌膚。,14527.0,73
7078062,泰國頭等艙梅子-還魂梅186g,泰國航空頭等艙迎賓零食,14469.0,91
7064473,曼秀雷敦AD高效抗乾修復乳液200g,添加甘草酸鉀 ，舒緩因乾燥引起的皮膚癢,14421.0,39
5369573,*洗臉卸妝水用的慕斯瓶一個（空瓶，需自行填充）【加購品】,,14400.0,480
7090140,高露潔三重功效牙膏160g(2+1入)(新舊包裝隨機出貨),• 防蛀堅固牙齒幫助減少牙菌斑在牙齒表面附著並預防蛀牙,14381.0,89
7064282,凡士林專業高效燕麥修復霜 200ml,獨家肌膚屏障修護科技，保濕鎖水,14376.0,24
7138225,巴黎萊雅金緻護髮精油-棕色款補充包90ml,深層滋養受損髮芯，讓秀髮恢復光澤與彈性。,14309.0,41
7049822,珂潤Curel潤浸保濕洗顏慕絲150ml,保濕機能造成負擔,14280.0,35
7055745,碧歐斯BIO金萃黃金精華露30ml,有效淡化並撫平細紋，調理肌膚油水平衡，恢復年輕時的自然透亮,14261.0,144
7044723,媚點 極上粉嫩保濕粉底霜,高保濕專櫃級粉底霜,14256.0,44
8219923,莉婕高效持色洗髮精500ml,日本時尚染髮品牌 專業研發-莉婕極致持色系列,14198.0,62
7047879,1028飛激濃瞬翹防水睫毛膏,開架No.1睫毛王 極淨濃密再進化 全日飛揚 UP輕密新感睫,14173.0,43
7055460,Biore深層卸粧油230ml,清新果香，使心情輕鬆愉悅,14159.0,71
7055462,Biore深層卸粧精華露230ml,卸後以清水沖淨即可，不須再使用洗臉產品,14129.0,71
7064436,曼秀雷敦Acnes抗痘凝膠18g,"含Isopropyl Methylphenol能深入毛孔底部抗菌, 有效抗痘",14070.0,67
7689076,霓淨思超爆水面膜5片-潤澤保濕,南美酪梨精萃，完美浸潤飽水肌,14053.0,47
8509273,VISEE 水光絢紗眼彩凍5g (多款任選),透感柔和底色閃耀多彩繽紛珠光，細緻光輝渲染光彩奪目雙眸,14040.0,39
8487869,凱婷 怪獸級持色絨霧唇釉 (7g),一刷幻化為輕盈柔霧質地，長效持續完妝色澤,14034.0,41
7089087,凱婷 零瑕肌密微光粉底液,高服貼 x 高遮瑕 x 零粧感,14017.0,35
7047902,1028輪廓羨修容餅,精緻小臉X三色修容X立體深邃,14006.0,47
7307447,霓淨思胜肽撫紋賦活眼霜40ml,精準撫紋 高效緊緻,14000.0,14
7044517,森田藥粧茶樹淨化深層卸妝棉55片,茶樹萃取除了卸妝亦可暢通毛孔、淨化肌膚,13992.0,88
7821700,巴黎萊雅金緻護髮精油-金色款,1.全新升級!裸感質地 不黏膩更清爽!   解決消費者髮油使用痛點！輕盈+16%! 手心不黏膩,13975.0,25
7907975,ROSE IS A ROSE零著感ZBra波浪套組-F,輕盈 無痕 透氣,13920.0,24
7098763,Dr.Huang保濕精華液 30ml,(Phytopresome CeraTM-V神經醯胺、胺基酸保濕因子)高濃度專利保濕成分，密集補水，解決肌膚乾荒危機,13920.0,24
7068836,MKUP賴床美白素顏霜30ML,紫根植物萃取及玫瑰，調和出粉嫩原色,13872.0,24
8100360,美舒律蒸氣溫熱貼4片-身體疲憊新對策,美舒律蒸氣溫熱貼 身體疲憊新對策,13860.0,66
7082428,美琪抗菌洗手乳700ml-玫瑰果萃,醫師推薦，實驗證明溫和有效抗菌,13825.0,155
7083584,蘇菲瞬吸加長護墊28片2入花香17.5cm,極致棉柔表層,13734.0,201
7964856,BB 4%神經醯胺修護精華乳30ml,高濃度4%複合神經醯胺採用Ceramide/AP、Ceramide/EOP、Ceramide/NP，全方位修護調理養潤肌膚。,13720.0,28
7404069,LOSHI天然馬油保濕潤膚乳液485ml,4936201102297,13674.0,86
8080737,ON THE BODY VEILMENT 珍珠煥白香水沐浴精600ml-麝香,隱約而持久的鳶尾花香與溫暖的麝香，猶如心愛之人舒適柔軟的擁抱,13652.0,28
7792291,樂敦金盞花萃取物葉黃素複方軟膠囊60粒,樂敦製藥獨家複方5合1 晶亮有感:,13583.0,17
7263818,媚點 美肌修色粧前乳(橘),膚色神提亮，１０秒清爽出門,13570.0,59
7049863,BB 6%維他命原B5+ 積雪草修護精華30ml,高濃度6％維他命原B5 浸潤肌膚同時形成保護膜,13566.0,36
7473045,Mdmmd安瓶精油身體乳475g-保濕緊膚,弱酸性配方溫和舒緩滋養肌膚,13510.0,40
7581406,萊潔N95醫療防護口罩20入-盒裝,汙染A級專用,13500.0,10
7689003,待刪除-巴黎萊雅超級青春澎彈發亮組,專為撫平全臉細紋設計的眼霜級精華霜,13485.0,15
7385261,蘇菲超熟睡細緻棉柔衛生棉14片3入28cm,"\"\"\"日本首創 超大蝴蝶扇尾",13483.0,97
8569651,愛康透芯涼感棉-檸橙派對(日用24cm/夜用28cm)(新舊包裝隨機出貨),獨家好芯涼 涼感芯片,13461.0,129
7105681,我的心機綜合超級莓果C亮白紅潤黑面膜8入,以「先淨膚再導入」翻轉肌膚概念，綻放淨透亮!,13455.0,45
7096725,我的心機 抗菌酒精濕巾20抽,四大品保認證布材更放心,13427.0,463
7064447,肌研極潤抗皺緊實多效凝露100g,3重緊緻抗皺成分，能有效撫平眼周唇邊小細紋，搭配按摩更能使肌膚平滑，線條更緊緻,13412.0,28
4585706,無矽靈植萃修護洗髮精露450g-馬鞭草薄荷 (中油性/頭皮問題)超級涼爽配方,來自大自然的無患子皂素，含有豐富的細緻泡沫，溫和不易刺激肌膚，達到深層清潔。,13410.0,90
8568512,【預購】雅詩蘭黛特潤超導全方位修護露100ml_2入,9200000000717,13400.0,5
7172643,沙宣16毫米負離子陶瓷直卷兩用造型器,直捲兩用，輕鬆打造出直髮、,13395.0,15
7380208,霓淨思高效保濕零觸感面膜體驗組三入,HA恆定保濕科技MIX，有效增加吸收度29.6%！,13365.0,135
7105769,薇佳速效抗痘調理潔面乳100g,溫和代謝老廢角質與深層淨化毛孔,13340.0,23
7425145,双養養氣防禦茶5gx20包,4710341329086,13300.0,19
7108659,飛柔免沖洗瞬效柔順護髮精華380g,"護髮免沖洗,柔順更簡單",13270.0,50
6876643,吉．福．旺 平安富脂皂（三顆/盒）（任選三件以上85折）,,13260.0,34
7098784,日本味王暢快人生奇異果精華版5g*30,榮獲FG特優評鑑，高達96%的滿意度肯定！,13197.0,29
7355390,Relove淨柔白桃私密美白賦活晶球凝露30ml,每一次按壓都是精華集結，阿爾卑斯山R²美白複合因子、澳洲雨林珍寶魚子萊姆萃取物添加，改善暗沉嫩白肌膚，回復亮白光彩。,13188.0,12
8541790,巴黎萊雅金緻護髮精油棕色2023限量組,全新升級!裸感質地 不黏膩更清,13131.0,29
7054592,日本味王維他命C1000口含錠60粒,"高含量，每日2粒含有1,000mg維他命C",13077.0,55
7064481,肌研極潤保濕乳液140ml,嚴選樂敦獨家乳酸菌發酵玻尿酸、玻尿酸、高效玻尿酸、水解玻尿酸，4重玻尿酸完美比例，改善乾燥粗糙問題，肌膚由內而外散發水潤光采。,13041.0,34
7624570,iBEAUTY夜の美姬膠原飲50ml,添加修復必須營養素，找回少女自然肌,13000.0,200
7061805,聲寶溫控加長型捲髮棒,LED液晶顯示,12980.0,11
7064475,肌研極潤多效精華水感凝露180ml,一瓶完成化妝水、精華液、乳液、面膜等保養步驟，只要一步輕鬆實現水潤保養,12974.0,26
8489715,【待刪除】白蘭香氛洗衣球23顆袋裝-質感小蒼蘭,輕盈純淨的英式香氣 彷彿沉浸在陽光灑落的英倫庭園,12960.0,112
7030836,Q彈矽膠防滑肥皂架（三個）,,12960.0,48
8100318,美舒律蒸氣眼罩12片-多款任選,約40˚C溫熱蒸氣，舒緩雙眼疲勞和身心緊繃感,12913.0,37
7049946,霓淨思玻尿酸保濕潤澤霜50ml,新一代保濕科技結合神經醯胺與克拉瑪斯湖藍藻,12898.0,16
7054589,日本味王蔓越莓口含錠(升級版)60粒,姐妹們口耳相傳，遠離坐立難安的私密法寶,12882.0,54
8154059,汪汪隊兒童醫療防護口罩20入-兩款任選,口罩國家隊康匠製作，搭配上精美印刷，帶的舒適又安心,12844.0,76
7461642,妮維雅超進化水潤護手霜75ml,深海礦物：超進化喚醒賦活肌理爆水能量,12816.0,144
7198997,Dr.Huang A醇活煥精華液30ml,"0.2％Ａ醇撫平細紋,緊緻毛孔,恢復肌膚彈性及防止肌膚衰老",12800.0,10
7055502,Biore深層卸粧棉補充包46枚,只要一片，潔膚卸粧一次完成，兩片效果更佳。,12754.0,113
7093813,箱購-麒麟午後紅茶500ml*24入-奶茶,使用具有豐厚而圓潤口感特徵的坎迪茶葉,12720.0,16
8573368,I’M MEME我愛星鑽光打亮霜 5.3g,1.高級感十足的細閃高光，透明帶有日月星辰的細緻光澤，一抹自然融入肌膚，打造澎潤仙女光！,12674.0,38
7312539,*冰河水+EDI超純水 強保濕濕紙巾（80抽）單包【加購品】,ECOCERT認證加拿大冰河礦物水,12600.0,168
7224595,AHC超能玻尿酸保濕肌亮乳霜50ml,突破性成分!極效透亮發光!,12580.0,24
7098713,Avene 雅漾舒護活泉水買大送小組300ml+50ml,有效舒緩肌膚敏弱不適,12579.0,21
7098757,TUNEMAKERS富勒烯全面修護原液10ml,日本R.S. 等級濃度富勒烯,12578.0,11
7729529,我的心機積雪草分子酊保濕黑面膜6入,"【積雪草+分子酊】雙效成分,深層保濕補水,修護乾燥不適",12558.0,42
7624543,iBEAUTY奢光雪姬亮妍飲50ml,12種莓果抗氧精華，晶透亮白,12545.0,193
7403856,Loshi新天然馬油保濕潤膚乳霜220g,4936201104260,12545.0,107
7049883,DR.WU 8%杏仁酸溫和煥膚精華15ml,專為乾燥及敏感肌量身打造,12540.0,21
7059838,蕾妮亞零觸感特薄衛生棉14片*2涼25cm,0.1cm超激薄x2倍吸收,12475.0,67
7447698,巴黎萊雅玻尿酸高效瞬護8秒水髮膜,革命性！8秒水髮膜,12456.0,24
7064458,曼秀雷敦Acnes痘痘貼-極致薄綜合型54入(新舊包裝隨機出貨),"採用親水性敷料, 能有效吸收分泌物, 加速青春痘復原",12425.0,75
7502869,霓淨思極透光淡斑精華1+1加贈組,每分鐘賣出1.3瓶*，口碑狂推的淡斑精華！,12420.0,9
7243360,舒芙蕾 零感魔滴果凍內衣,果凍膠條：使用多種樹脂貼合技術製成，半液態果凍，熱壓記憶胸型,12390.0,21
7123535,霓淨思N3熊果素美白淡斑保濕面膜6片,高效傳導-有效成分瞬效吸收,12379.0,121
7088638,Biore淨嫩沐浴乳1000g-浪漫櫻花香,柔和浪漫的櫻花香氛，沉浸如春日裡瀰漫的愉悅舒心,12371.0,89
8185812,巴黎萊雅金緻護髮精油玫瑰精華補充包90ml,全新升級!裸感質地 不黏膩更清,12369.0,31
7889875,1028 輕珠寶限量四色眼彩盤 (多款任選),精選綿柔霧面與混色亮片，搭配獨特半熟微眼蜜質地，服貼顯色、絕美高閃、加倍持妝。,12366.0,54
7581770,【廠商直送】ASHIYA超級肌因活膚霜50ml,日本壽酒酒粕酵母,12348.0,21
7064474,曼秀雷敦AD高效抗乾草本修護乳液200g,添加甘草酸鉀 ，舒緩因乾燥引起的皮膚癢,12347.0,33
8116078,靠得住蘆薈高透氧護墊24片4入沐浴香17.5cm,蘆薈精華表層,12325.0,145
7049935,DR.WU玻尿酸保濕精華液30ml,銷售百萬 經典好口碑,12320.0,11
7278904,DARLIE好來全亮白牙膏140g*2-多款任選,3D全方位亮白牙齒,12317.0,113
8522649,熊寶貝多效護衣芳香豆350ml-藍風鈴X白麝香,衣物專屬香水- 【藍風鈴X白麝香】 輕柔純淨花香,12208.0,80
7050135,I'M MEME我愛控油毛孔柔焦蜜粉餅,控油效果升級，油光毛孔通通完整吸附,12189.0,49
7098762,Dr.HUANG保濕乳液75ml,富含玻尿酸，立即補充皮膚水分，瀅亮水潤,12180.0,21
7655483,Elastine胺基酸護髮油150ml-白玫瑰x牡丹,1.  添加毛鱗修護成分,12165.0,45
7063492,露得清深層卸妝乳200ml,徹底卸除全臉彩妝，毛孔零負擔潔淨配方，輕輕搓揉就能軟化各式彩妝，不易刺激皮膚。,12139.0,61
7046067,媚比琳濃捲風防水睫毛膏升級版9.2ml,強效防水、抗汗、抗淚,12115.0,52
7077000,大頭叔叔爆米花200g-多款任選,罐裝 撕開鋁模即可吃,12040.0,134
7307712,善存葉黃素20毫克60錠,"FDA認證葉黃素,萃取自天然",11985.0,15
8530713,P&G_ArielProClean超淨力4D洗衣膠球55P補,4987176123572,11976.0,24
8519985,美舒律蒸氣眼罩暖兔迎春禮盒15片裝,彈性耳掛設計，舒適貼合,11970.0,30
7046075,媚比琳武士道塑型眉筆,獨特武士刀筆尖描繪超擬真毛流，最難畫的纖細眉尾都能輕鬆勾勒。,11956.0,61
7083940,Hair Recipe 髮的食譜 生薑蘋果防斷滋養潤髮乳530ml,"生蟹”防斷配方, 蘋果“修護配方",11916.0,34
7864360,日本獅王趣淨洗手慕斯250ml-清爽柑橘,添加IPMP抗菌成分，有效洗淨髒污細菌,11907.0,63
8269548,【廠商直送】(箱購)櫻桃小丸子 抽取式衛生紙-90抽x8包x10串,MIT 台灣製造,11880.0,12
7213485,好自在氣墊棉秒吸抗黏10片2入(日用28cm),革命性秒吸抗黏膩,11873.0,67
7473044,Mdmmd安瓶精油身體乳475g-水嫩透白,弱酸性配方溫和舒緩滋養肌膚,11866.0,34
7050173,Dr.FreeVenus藝群複合果酸洗面乳-150ml,含茶樹萃取、乳酸、花果酸,11804.0,24
7940336,靠得住草本抑菌衛生棉13片3入26cm (新舊包裝隨機出貨),獨家海洋精華抑菌99%,11783.0,85
8118752,【廠商直送】(箱購)櫻桃小丸子純水柔濕紙巾80抽12入,純水0刺激,11760.0,20
7097871,優媚霜時尚魅力系列 #5.6楓糖紅色,首創 絕美霧光髮色,11749.0,31
7105815,驅塵氏超黏拖補充包16cm(60張/3入),新科技黏紙，強力黏起髒污顆粒,11722.0,118
7059831,蕾妮亞零觸感特薄衛生棉7片3入夜用35cm,0.1cm超激薄x2倍吸收,11701.0,64
7053656,刷樂全效護理漱口水750ml,CHG+CPC雙防護配方,11700.0,52
7059828,蕾妮亞零觸感特薄衛生棉超值量販組(20片x2包)-日用22.5cm,0.1cm超激薄x2倍吸收,11687.0,65
7265775,倍麗兒7效蜂膠牙膏120g-兩款任選,韓國國民牙膏7種機能一次擁有(幫助改善口腔健康/幫助去除牙垢/預防口腔異味/幫助預防蛀牙/幫助去除牙菌斑/亮白牙齒/降低牙周病發生率)配合正確刷牙習慣幫助並維持牙齦(組織)健康。,11681.0,109
7088651,Biore淨嫩沐浴乳-優雅山茶花香 1000g,水漾優雅的山茶花香氛，享受如冬日盛開的清新芳美,11676.0,84
8522339,熊寶貝多效護衣芳香豆補300ml-藍風鈴X白麝香,衣物專屬香水- 【藍風鈴X白麝香】 輕柔純淨花香,11662.0,58
7385442,蘇菲超熟睡草本抑菌衛生棉超薄11片35cm,天然草本抑 菌99%,11600.0,80
7055732,碧歐斯BIO金萃黃金精華露100ml,有效淡化並撫平細紋，調理肌膚油水平衡，恢復年輕時的自然透亮,11571.0,29
7064442,肌研極潤抗皺緊實高機能乳液140ml,雙重抗皺賦活因子，完美結合彈力蛋白與膠原蛋白，由內而外提升肌膚彈性，撫平細紋。,11571.0,29
7083583,蘇菲瞬吸加長護墊28片2入無香17.5cm,極致棉柔表層,11570.0,171
7280922,韓國isLeaf香氛順盈護髮油-木質依蘭100ml,改善各種秀髮受損困擾,11548.0,72
7111433,ACE法國艾香軟嫩蜜棗乾250g,"特選法國Agen產區頂級品種,完封包裝進口",11520.0,36
7538597,古寶無患子洗髮450g-固色修護奧圖玫瑰,無矽靈洗髮全新升級，特別添加日本洗淨成分，加強去除頭皮皮脂異味,11487.0,53
8004368,Persil淨垢護色洗衣凝露補充1.5L-薰衣草,纖維抗菌99% 含百萬去污分子,11484.0,36
8228009,肽研生醫RDx玻尿酸30日份,獨家唯一 玻尿酸液態膠囊,11477.0,23
8185808,巴黎萊雅黃金胜肽高效修護髮膜250ml,革命性！黃金胜肽髮膜!,11477.0,23
7567886,VOLA X 艾爾絲4D成人醫用口罩10入-多色任選,4D設計，全面包覆性高,11448.0,72
7198971,BIONEO百妮  玻尿酸精純原液50ml,"微脂質包覆大小分子玻尿酸,藉由油質相容原理,向底滲透,讓肌膚明亮動人,重現嬰兒般的彈性；並改善表皮粗糙,達到長效保濕、深層鎖水,自然呈現水嫩彈性好膚質",11439.0,41
7961474,【廠商直送-平行輸入】ESTEE LAUDER 雅詩蘭黛 特潤超導年輕修護組,內容物:,11436.0,3
7088649,花王洗髮精750ml-兒童專用,專為兒童設計，配方溫和不易刺激，給秀髮溫柔呵護，潔淨舒爽,11421.0,90
7098748,TUNEMAKERS角鯊烷保濕修護原液20ml,修護皮脂膜,11390.0,17
7047883,1028pH7.5深層清潔眼唇卸妝液EX版90ml,EX新升級 秒完卸超強卸除力,11381.0,99
7330350,舒特膚極緻全護低敏防曬霜50ml,SPF50+、UVA防禦系數28、PA++++,11381.0,19
8547071,貝膚黛瑪舒敏潔膚液500ml-贈純棉化妝棉,溫和潔淨：獨特Micelle Technology膠束科技，兩性特殊結構親水及親油分子，清潔臉部彩妝與髒汙，調理肌膚油水平衡。,11381.0,19
7050162,Dr.FreeVenus藝群-Q10胺基酸洗面乳-150ML,含Coenzyme Q10、檸檬酸(Citric Acid)、甘草萃取液(Licorice Extract)、蘆薈萃取液(Aloe Extract),11373.0,36
7097874,優媚霜時尚魅力系列 #6.17煙燻藍綠色,首創 絕美霧光髮色,11370.0,30
7094435,森田藥粧馬油腳跟防裂霜100ml,針對足部特性能補充油脂及養份,11343.0,57
8080742,ON THE BODY VEILMENT 珍珠煥白香水沐浴精600ml-柑橘,清新的綠葉香氣與優雅清爽的柑橘香調，猶如悉心呵護的溫暖懷抱,11336.0,24
7047878,1028精算師持色細眉筆 (多款任選),精繪毛流x細塑柔霧x立體持久 極細筆頭 精緻描繪塑型,11316.0,76
7426903,日本花王_新2蒸氣感舒緩眼罩12P清爽薄荷,4901301348159,11310.0,30
7212453,DR.WU超完美保濕DD霜SPF28+40ml自然,超保濕水感劑型，長效保濕 X 水嫩透亮,11286.0,18
7059832,蕾妮亞零觸感特薄衛生棉6片3入夜用40cm,0.1cm超激薄x2倍吸收,11279.0,65
7664420,我的心機10%杏仁酸淨透煥膚精華30ml,平衡修護 / 掃除油光 / 細緻毛孔,11270.0,23
8221561,BB 3% A醇微脂囊青春精華15ml,精純A醇衍生物，幫助老廢角質汰換，可抗皺撫紋、緊緻毛孔。,11270.0,23
7355812,飛利浦高效能電池式除毛球機-多色任選,大型刀片表面可一次覆蓋更大的衣物面積，只要來回幾次，就能讓衣物煥然一新。,11252.0,29
7428230,【廠商直送】SHISEIDO 百優精純乳霜75ML(平行輸入),減緩肌膚老化,11250.0,5
7096104,克潮靈環保除濕桶補充包350g*3入小蒼蘭,無聲除濕機，除濕看的見,11237.0,203
7330372,舒特膚BHR淨白調理安撫霜50g,"溫和淨白科技GentleBright Technology:海百合萃取、菸鹼醯胺完美複方直達肌底,淡化色斑、減少黑色素生成與堆積,勻稱膚色",11227.0,13
7091016,水之印高機能緊緻抗老化妝水200ml,讓肌膚迅速回復彈力、緊實，蛻變為充滿光采亮澤的年輕肌膚。,11209.0,27
8522358,熊寶貝多效護衣芳香豆補300ml-法國玫瑰X茉莉,衣物專屬香水- 【法國玫瑰X茉莉】 溫柔質感玫瑰香,11206.0,58
7113423,舒潔女性專用濕式衛生紙40抽2入(新舊包裝隨機出貨),通過敏感肌測試成分安全,11205.0,83
8504591,待刪除-中衛醫療口罩30片-冀望雪花,不同樣貌型態雪花圖樣設計,11200.0,32
7786551,【廠商直送】KS-蠶絲專利美胸繡花調整型內衣,專利蠶絲親膚舒適,11200.0,14
8004283,DR.WU玻尿酸保濕修復精華液 30ML,全新高濃度玻尿酸保濕修復精華液，運用第六代智慧型玻尿酸水循環科技，結合大、小、微分子玻尿酸、玻尿酸循環因子及啟動因子，從源頭進行鎖水、補水、造水、活水及聚水，長效深層保濕、潤澤肌膚，使肌膚柔嫩細緻，維持肌表屏障健全。另添加菸鹼醯胺(B3)、維他命原B5及三重神經醯胺，有效鎮定舒緩肌膚不適、修復受損屏障，提升肌膚對環境傷害的防護力。,11200.0,10
7089047,KISSME 花漾美姬 超！持久極細抗暈眼線液筆,0.1mm 極細超柔軟彈力手紮筆頭,11190.0,30
7523669,全日營養肝精薑黃精華錠30粒,4960867007559,11184.0,16
8047369,Biore淨嫩沐浴乳300g 英國梨與杏桃花,含綠茶、茶樹、尤加利菁華及抗菌成分的弱酸性配方，溫和抗菌，私密處也可安心清潔，並洗淨身體惱人異味,11163.0,227
7105552,瑪榭 薄感無縫抗菌中高腰三角褲,輕薄透氣 自在乾爽,11144.0,56
7050176,Dr.FreeVenus藝群緊緻亮白水嫩凝膠30ml,含A醇(Retinol)、菸鹼醯胺(Niacinamide)、植物神經鞘胺醇 (Phytosphingosine)、金縷梅萃取(Witch Hazel Extract)、甘草萃取(Licorice Extract)，可改善膚色不均、白皙膚色，改善肌膚粗糙、調理膚質。,11125.0,29
7044704,凱婷 3D造型眉彩餅 (EX10、EX11),熱銷2000萬個的殿堂級商品,11122.0,34
7443146,mod’s hair Smart32mm全方位智能直/捲,"\"\"\"無間隙設計，消除底部間隙，夾緊髮束，髮絲不易滑落",11060.0,7
7553481,瑪榭包臀型低腰無痕抗菌內褲,銀離子抗菌纖維褲底 全方面保護私密處,11046.0,74
7054680,Miss Seesaw月月私語精華飲25ml7入,"每瓶含有25顆黑棗精華與鐵質,葉酸",11040.0,24
7323212,【廠商直送】8ight Stella- 薄剛 偏光摺疊太陽眼鏡圓框-灰,一秒變小臉 修飾度超強,11040.0,3
7064643,萊雅活力緊緻抗皺緊緻修護晚霜 50ml-2022版,針對亞洲女性最在意的8大老化問題,11033.0,17
7096106,克潮靈環保除濕桶補充包350g*3入,無聲除濕機，除濕看的見,11018.0,196
7298776,蕾妮亞零觸感特薄衛生棉日用8片25cm,0.1cm超激薄x超能吸,11016.0,306
7162186,優生口手臉柔潤濕巾20抽,pH值弱酸性配方：貼近正常肌膚的pH值。,11013.0,459
7049826,珂潤Curel潤浸保濕深層乳霜40g,蘊含潤浸保濕Ceramide成分*及桉葉精華。,10976.0,14
7053315,立頓奶茶量販包20入-多款任選,從小到大 記憶中的立頓,10926.0,84
7970157,30年快樂老茶樹GABA茶包（2.8公克×20入）三包最划算,,10890.0,11
7600071,美麗佳人醫療成人口罩30入-多款任選,,10886.0,54
7198976,BIONEO百妮 杏仁酸20%美白元素50ml,"多種複合高科技成分,杏仁酸20%、白金  膠體水解蠶絲、白藜蘆醇、及白松露萃取等,質地細緻與肌膚高度親脂性作用,有效吸收滲透到達肌膚底層,漸進式細緻毛孔,讓肌膚透出健康自然的亮白光采",10881.0,39
7049937,DR.WU杏仁酸毛孔緊緻化妝水 150ml,完勝毛孔問題，肌膚細緻又柔嫩！,10844.0,18
7722825,逸萱秀瞬效豔澤護髮膜膠囊組12g*4入,【毛鱗片屏護科技】,10843.0,157
7440343,衛采俏正美BB膠原錠120錠,4987028115847,10800.0,12
7440128,全方位維他命PLUS 血紅素鐵錠 (女性專用)90粒,4966486600690,10800.0,9
7811082,萊潔N95醫療防護成人口罩20入-曜石黑,獨家一萬等級無菌室規格工廠生產,10800.0,8
7440235,優清DHA精華魚油膠囊180粒,4562156732021,10800.0,6
7224593,AHC超能玻尿酸保濕肌亮乳液100ml,"含超能玻尿酸,強效保濕,完美比例4:2:4",10782.0,18
7049916,DR.WU玻尿酸保濕精華化妝水(清爽型)150ML,業界唯一 日德法保濕專利,10782.0,18
7049907,DR.WU玻尿酸保濕精華化妝水150ML,業界唯一，日德法保濕專利,10782.0,18
7915385,我的心機10%積雪草賦活鎖水精華30ml,Hydra PRO  史上最強保濕,10780.0,22
7083883,麗仕髮補給角蛋白胺基酸洗髮精450g,含黃金比例複合式胺基酸補給髮絲根本幫助重塑柔順、光澤彈潤的秀髮質感。,10764.0,36
