post_time,volume,amount,open,high,low,close,change,transaction
2023-01-03,"107,253","3,512,864",33.25,33.25,32.50,32.80,-0.60,118
2023-01-04,"95,435","3,110,800",33.00,33.35,32.25,32.40,-0.40,103
2023-01-05,"87,294","2,845,907",32.45,33.00,32.20,32.25,-0.15,104
2023-01-06,"60,015","1,927,481",32.25,32.45,32.00,32.10,-0.15,57
2023-01-09,"58,308","1,875,796",32.35,32.35,32.05,32.15,+0.05,87
2023-01-10,"15,045","487,325",32.50,32.50,32.20,32.40,+0.25,16
2023-01-11,"23,000","748,950",32.60,32.70,32.50,32.50,+0.10,21
2023-01-12,"38,664","1,257,760",32.50,32.70,32.40,32.50, 0.00,33
2023-01-13,"19,034","620,904",32.50,32.80,32.50,32.60,+0.10,19
2023-01-16,"20,322","660,040",32.60,32.60,32.35,32.55,-0.05,24
2023-01-17,"22,150","723,969",32.50,32.80,32.50,32.65,+0.10,21
2023-01-30,"23,154","754,064",33.00,33.00,32.40,32.55,-0.10,29
2023-01-31,"23,512","772,785",32.70,33.20,32.60,32.95,+0.40,28
2023-02-01,"87,001","2,886,431",33.00,33.55,33.00,33.00,+0.05,74
2023-02-02,"47,012","1,545,595",33.40,33.40,32.75,32.75,-0.25,43
2023-02-03,"49,079","1,618,542",32.85,33.20,32.75,33.00,+0.25,50
2023-02-06,"126,267","4,238,705",33.25,34.00,33.00,33.55,+0.55,129
2023-02-07,"82,229","2,743,274",34.10,34.10,33.10,33.15,-0.40,63
2023-02-08,"25,000","828,700",33.15,33.30,33.05,33.20,+0.05,23
2023-02-09,"87,083","2,890,561",33.55,33.60,33.05,33.10,-0.10,67
2023-02-10,"55,158","1,829,003",33.25,33.40,33.00,33.00,-0.10,50
2023-02-13,"82,590","2,769,010",33.20,34.15,33.15,33.30,+0.30,90
2023-02-14,"107,000","3,621,100",33.75,34.00,33.50,34.00,+0.70,67
2023-02-15,"468,199","16,478,917",34.05,35.95,34.05,35.10,+1.10,388
2023-02-16,"212,451","7,518,436",35.70,35.80,34.85,35.35,+0.25,215
2023-02-17,"1,164,199","43,243,729",35.30,38.20,33.80,36.55,+1.20,"1,039"
2023-02-20,"1,759,118","68,298,646",37.15,40.00,37.15,38.20,+1.65,"1,433"
2023-02-21,"358,000","13,247,057",37.95,37.95,36.50,36.80,-1.40,392
2023-02-22,"2,116,470","84,880,452",37.10,40.45,37.05,40.45,+3.65,"1,254"
2023-02-23,"1,101,015","48,928,136",44.45,44.45,43.80,44.45,+4.00,490
2023-02-24,"5,734,578","270,320,440",44.90,48.85,44.70,47.40,+2.95,"4,470"
2023-03-01,"1,804,371","83,782,019",47.50,48.00,45.00,45.15,-2.25,"1,397"
2023-03-02,"3,052,737","149,824,654",45.75,49.65,45.50,49.65,+4.50,"1,619"
2023-03-03,"5,656,978","289,255,359",51.50,52.30,49.85,50.30,+0.65,"3,897"
2023-03-06,"980,107","48,596,696",49.50,51.50,48.65,50.40,+0.10,811
2023-03-07,"3,730,313","200,280,879",50.60,55.40,50.60,52.50,+2.10,"2,368"
2023-03-08,"1,490,262","78,044,153",52.20,54.10,50.70,52.00,-0.50,"1,164"
2023-03-09,"1,296,877","69,004,812",53.10,54.30,52.10,53.30,+1.30,"1,000"
2023-03-10,"2,798,299","147,010,400",53.90,56.50,50.00,50.30,-3.00,"2,002"
2023-03-13,"949,902","45,932,194",50.30,50.30,47.40,47.40,-2.90,714
2023-03-14,"1,543,025","76,114,861",46.90,51.60,46.90,48.25,+0.85,"1,234"
2023-03-15,"761,201","36,991,556",48.50,49.80,48.05,48.05,-0.20,587
2023-03-16,"614,385","28,710,640",47.55,47.95,45.55,46.95,-1.10,528
2023-03-17,"1,459,545","72,405,476",47.70,50.80,47.30,49.75,+2.80,"1,113"
2023-03-20,"3,513,200","185,567,136",50.20,54.00,50.20,54.00,+4.25,"2,599"
2023-03-21,"2,392,648","128,823,533",54.10,55.50,52.10,53.90,-0.10,"2,180"
2023-03-22,"682,579","36,378,885",53.60,54.40,52.80,52.80,-1.10,645
2023-03-23,"476,597","24,770,824",52.80,53.00,51.20,51.30,-1.50,428
2023-03-24,"509,545","26,497,444",52.00,53.00,51.10,52.50,+1.20,478
2023-03-27,"553,755","28,240,701",51.80,52.40,50.70,50.70,-1.80,444
2023-03-28,"1,007,711","51,888,208",51.60,53.00,49.85,49.85,-0.85,767
2023-03-29,"2,023,604","106,614,160",50.50,54.30,50.50,51.50,+1.65,"1,486"
2023-03-30,"609,928","31,253,701",51.80,52.40,50.60,50.60,-0.90,511
2023-03-31,"375,730","19,153,263",51.20,51.80,50.30,51.20,+0.60,292
2023-04-06,"477,528","23,744,860",50.70,50.70,49.30,49.60,-1.60,363
2023-04-07,"308,455","15,368,716",50.50,51.00,49.30,49.50,-0.10,265
2023-04-10,"220,795","10,757,827",49.00,49.20,48.10,48.55,-0.95,213
2023-04-11,"207,503","10,061,179",48.25,49.35,48.00,48.05,-0.50,242
2023-04-12,"168,380","8,091,840",47.75,48.50,47.70,47.70,-0.35,151
2023-04-13,"616,780","30,101,079",47.80,49.85,47.10,48.45,+0.75,482
2023-04-14,"3,174,310","165,595,625",48.60,53.20,48.60,53.20,+4.75,"1,952"
2023-04-17,"2,597,226","137,513,459",52.10,53.70,51.90,53.20, 0.00,"1,596"
2023-04-18,"791,182","41,666,330",52.80,53.40,52.00,53.00,-0.20,564
2023-04-19,"5,864,546","327,619,260",53.00,58.10,53.00,54.80,+1.80,"3,983"
2023-04-20,"1,456,631","78,109,102",55.20,56.40,51.80,52.20,-2.60,"1,226"
2023-04-21,"729,097","37,008,219",51.90,52.20,49.95,50.30,-1.90,588
2023-04-24,"434,385","22,011,843",50.60,51.90,50.00,50.00,-0.30,419
2023-04-25,"474,524","23,640,853",50.70,51.50,48.60,49.00,-1.00,425
2023-04-26,"349,692","16,924,722",48.50,49.50,47.90,49.50,+0.50,326
2023-04-27,"194,617","9,561,149",49.05,49.80,48.20,49.30,-0.20,203
2023-04-28,"417,591","21,250,798",49.70,51.50,49.70,50.90,+1.60,418
2023-05-02,"414,686","20,815,939",50.70,51.60,49.70,49.70,-1.20,366
2023-05-03,"98,739","4,883,229",49.70,49.95,49.10,49.30,-0.40,117
2023-05-04,"355,173","17,750,910",49.30,50.80,48.80,50.40,+1.10,227
2023-05-05,"327,590","16,397,981",49.70,51.20,49.20,49.40,-1.00,286
2023-05-08,"104,560","5,179,228",50.00,50.30,49.15,49.15,-0.25,113
2023-05-09,"102,271","4,994,850",48.75,49.25,48.50,48.60,-0.55,107
2023-05-10,"94,354","4,603,373",48.60,49.10,48.45,49.10,+0.50,86
2023-05-11,"185,280","9,102,275",49.15,50.00,48.50,48.50,-0.60,191
2023-05-12,"214,331","10,625,755",49.40,50.20,48.50,49.95,+1.45,184
2023-05-15,"339,827","17,046,016",50.00,51.30,49.10,49.10,-0.85,298
2023-05-16,"839,144","42,895,984",49.40,51.90,49.40,50.90,+1.80,675
2023-05-17,"2,180,046","115,491,892",52.00,54.00,51.10,52.90,+2.00,"1,778"
2023-05-18,"926,456","48,560,277",52.70,53.40,51.00,52.50,-0.40,885
2023-05-19,"4,769,602","270,199,996",52.60,57.70,50.80,56.40,+3.90,"3,134"
2023-05-22,"3,517,345","201,667,632",58.50,58.60,54.70,57.50,+1.10,"2,766"
2023-05-23,"5,820,048","359,191,618",57.50,63.20,55.90,63.20,+5.70,"3,684"
2023-05-24,"3,856,653","265,028,050",66.70,69.50,66.60,69.50,+6.30,"2,211"
2023-05-25,"12,759,706","902,624,559",71.40,74.00,65.10,70.80,+1.30,"8,908"
2023-05-26,"5,172,435","358,362,398",71.60,71.60,67.50,68.10,-2.70,"3,751"
2023-05-29,"2,433,362","164,727,500",66.60,69.60,65.30,68.80,+0.70,"1,713"
2023-05-30,"1,609,984","109,256,140",69.00,70.50,66.30,66.30,-2.50,"1,562"
2023-05-31,"5,669,908","403,930,331",66.40,72.90,66.40,72.90,+6.60,"3,889"
2023-06-01,"9,689,949","727,569,148",72.60,78.30,71.70,71.70,-1.20,"6,938"
2023-06-02,"2,853,415","204,924,701",70.70,73.50,70.70,71.50,-0.20,"2,259"
2023-06-05,"1,253,143","90,893,306",72.10,73.90,71.60,71.70,+0.20,"1,077"
2023-06-06,"9,565,811","733,061,631",72.50,78.80,72.10,73.80,+2.10,"6,041"
2023-06-07,"7,433,054","570,005,584",75.60,78.60,74.90,77.40,+3.60,"5,567"
2023-06-08,"11,134,367","901,318,438",77.10,83.80,77.00,80.20,+2.80,"8,157"
2023-06-09,"5,761,961","456,470,947",82.70,83.10,76.10,77.20,-3.00,"4,200"
2023-06-12,"1,595,134","119,708,969",76.50,76.60,73.90,75.20,-2.00,"1,285"
2023-06-13,"2,912,952","227,241,727",75.00,80.00,74.70,78.80,+3.60,"2,362"
2023-06-14,"4,029,224","325,508,274",79.50,83.00,78.60,80.60,+1.80,"3,026"
2023-06-15,"1,956,493","158,649,983",81.10,82.40,79.30,81.80,+1.20,"1,481"
2023-06-16,"3,538,721","307,010,759",83.50,89.90,82.50,89.90,+8.10,"2,468"
2023-06-19,"545,765","53,921,560",98.80,98.80,98.80,98.80,+8.90,239
2023-06-20,"6,775,850","720,921,089",107.00,108.50,103.50,108.50,+9.70,"3,533"
2023-06-21,"12,222,460","1,363,268,521",119.00,119.00,103.50,113.00,+4.50,"7,697"
2023-06-26,"4,330,357","513,324,284",122.00,123.00,112.00,112.00,-1.00,"3,051"
2023-06-27,"708,256","74,176,270",112.00,112.00,101.00,101.00,-11.00,838
2023-06-28,"834,162","80,935,539",98.90,103.50,93.00,103.50,+2.50,856
2023-06-29,"368,103","34,894,110",95.00,95.80,93.70,94.60,X0.00,417
2023-06-30,"176,248","16,698,209",94.60,96.00,93.20,95.00,+0.40,230
2023-07-03,"277,600","26,894,942",96.00,99.00,96.00,97.00,+2.00,322
2023-07-04,"163,224","15,513,541",96.40,96.40,94.60,94.70,-2.30,223
2023-07-05,"229,453","21,757,968",94.70,97.00,93.30,93.30,-1.40,261
2023-07-06,"215,829","19,618,733",92.10,92.90,89.00,89.40,-3.90,267
2023-07-07,"213,154","18,793,815",86.50,91.00,86.50,88.30,-1.10,231
2023-07-10,"196,853","16,935,945",87.70,88.50,84.50,84.50,-3.80,211
2023-07-11,"188,818","16,247,600",85.80,87.50,84.50,85.00,+0.50,189
2023-07-12,"427,663","34,192,975",84.00,84.50,76.50,78.20,-6.80,529
2023-07-13,"1,091,924","84,616,578",76.50,79.40,76.10,76.50,-1.70,985
2023-07-14,"1,072,300","81,888,934",77.00,78.10,73.70,75.40,-1.10,"1,035"
2023-07-17,"926,857","67,835,466",74.10,74.70,71.90,73.00,-2.40,931
2023-07-18,"779,227","55,565,519",74.40,74.40,69.60,70.90,-2.10,900
2023-07-19,"814,893","57,297,773",69.60,72.10,68.80,69.10,-1.80,"1,100"
2023-07-20,"2,822,934","206,979,915",68.50,75.40,68.50,74.00,+4.90,"2,312"
2023-07-21,"3,119,377","231,977,741",75.50,79.20,70.60,71.00,-3.00,"2,461"
2023-07-24,"952,621","64,221,491",71.20,71.50,66.30,66.30,-4.70,843
2023-07-25,"1,184,662","78,916,828",67.00,68.30,64.20,67.60,+1.30,950
2023-07-26,"1,237,832","85,489,441",67.20,70.90,66.10,68.70,+1.10,"1,068"
2023-07-27,"1,016,410","71,016,660",67.80,71.50,67.80,69.60,+0.90,896
2023-07-28,"2,220,390","157,858,375",71.80,73.20,68.00,70.40,+0.80,"1,883"
2023-07-31,"868,072","59,798,857",71.10,71.20,67.50,67.50,-2.90,938
2023-08-01,"529,216","35,753,861",68.30,68.80,66.70,67.50, 0.00,648
2023-08-02,"532,237","35,339,893",67.90,68.60,64.90,65.20,-2.30,460
2023-08-04,"357,985","23,533,753",64.00,66.60,64.00,66.30,+1.10,355
2023-08-07,"211,256","13,727,080",66.40,66.40,64.60,65.30,-1.00,280
2023-08-08,"787,668","50,964,360",65.50,67.00,62.80,63.40,-1.90,669
2023-08-09,"452,600","28,340,994",63.60,64.10,61.70,62.30,-1.10,375
2023-08-10,"402,854","24,757,953",63.50,63.50,60.50,60.70,-1.60,395
2023-08-11,"575,807","35,044,236",61.00,62.30,59.40,60.50,-0.20,487
2023-08-14,"487,309","28,572,387",60.70,60.90,57.40,58.30,-2.20,479
2023-08-15,"316,617","18,546,451",58.00,59.30,57.60,58.50,+0.20,260
2023-08-16,"280,045","15,940,893",58.10,58.10,56.00,57.10,-1.40,499
2023-08-17,"362,939","20,676,024",56.80,58.10,55.70,57.00,-0.10,564
2023-08-18,"331,955","18,560,477",57.00,57.20,55.00,55.50,-1.50,499
2023-08-21,"356,206","20,183,556",56.20,57.40,55.60,57.00,+1.50,389
2023-08-22,"271,892","15,253,050",57.20,57.20,55.60,56.00,-1.00,457
2023-08-23,"324,378","18,426,702",55.80,57.80,55.80,57.00,+1.00,297
2023-08-24,"262,876","14,953,596",57.10,57.80,56.10,56.80,-0.20,239
2023-08-25,"2,711,329","162,173,776",60.00,61.90,58.20,59.10,+2.30,"2,998"
2023-08-28,"1,001,292","56,162,277",59.30,59.30,53.30,55.20,-3.90,799
2023-08-29,"332,127","18,590,669",54.60,56.60,54.50,56.60,+1.40,283
2023-08-30,"129,574","7,302,102",56.60,56.80,55.90,56.40,-0.20,223
2023-08-31,"173,958","9,631,627",55.90,56.00,54.70,55.60,-0.80,293
2023-09-01,"140,245","7,851,378",55.40,56.80,55.10,55.30,-0.30,157
2023-09-04,"106,273","5,773,461",55.20,55.20,54.00,54.30,-1.00,138
2023-09-05,"129,297","7,045,991",54.40,55.20,54.20,54.20,-0.10,135
2023-09-06,"214,414","11,424,907",54.50,54.50,52.50,52.70,-1.50,203
2023-09-07,"153,632","8,063,732",53.10,53.10,52.00,52.40,-0.30,207
2023-09-08,"45,338","2,375,226",52.40,52.70,52.10,52.40, 0.00,78
2023-09-11,"248,723","12,775,850",51.90,52.20,50.70,51.80,-0.60,250
2023-09-12,"148,122","7,731,372",51.50,53.10,51.30,51.30,-0.50,174
2023-09-13,"363,878","19,181,171",51.30,53.40,51.20,53.00,+1.70,454
2023-09-14,"114,880","6,080,057",53.10,53.40,52.60,52.60,-0.40,159
2023-09-15,"234,156","12,113,064",53.50,53.50,51.00,51.40,-1.20,375
2023-09-18,"52,637","2,695,368",51.40,51.60,50.90,51.60,+0.20,136
2023-09-19,"132,747","6,674,056",51.20,51.20,49.85,49.85,-1.75,347
2023-09-20,"119,422","5,915,909",49.70,50.40,48.60,49.55,-0.30,159
2023-09-21,"134,711","6,584,227",49.25,49.35,48.50,48.90,-0.65,193
2023-09-22,"96,456","4,743,895",48.45,49.95,48.45,49.05,+0.15,112
2023-09-25,"99,445","4,967,802",49.90,50.40,49.45,50.00,+0.95,122
2023-09-26,"119,788","5,882,450",50.00,50.00,48.50,48.50,-1.50,186
2023-09-27,"108,134","5,297,416",48.70,49.50,48.70,48.90,+0.40,111
2023-09-28,"175,770","8,765,560",49.30,50.60,49.00,50.50,+1.60,186
2023-10-02,"84,420","4,178,279",50.20,50.20,49.15,49.35,-1.15,143
2023-10-03,"217,968","10,512,788",49.15,49.20,47.50,47.50,-1.85,312
2023-10-04,"141,277","6,589,785",47.45,47.45,45.75,47.10,-0.40,200
2023-10-05,"154,489","7,450,655",48.15,49.00,47.70,48.00,+0.90,317
2023-10-06,"34,946","1,668,995",47.60,48.10,47.55,47.70,-0.30,118
2023-10-11,"115,952","5,396,516",47.70,47.75,46.10,46.30,-1.40,128
2023-10-12,"62,387","2,893,920",45.60,47.20,45.60,46.35,+0.05,82
2023-10-13,"429,089","20,113,083",46.90,48.70,45.30,45.30,-1.05,432
2023-10-16,"153,787","6,900,670",45.70,45.70,44.30,45.15,-0.15,171
2023-10-17,"117,297","5,193,270",44.60,44.90,43.65,43.65,-1.50,191
2023-10-18,"107,593","4,644,342",43.60,43.80,42.85,42.85,-0.80,189
2023-10-19,"105,626","4,498,298",42.15,43.05,42.15,42.50,-0.35,202
2023-10-20,"117,643","4,893,972",42.20,42.20,41.30,41.30,-1.20,131
2023-10-23,"226,074","9,580,124",40.90,43.70,40.80,42.00,+0.70,216
2023-10-24,"161,105","6,884,155",42.25,43.95,41.50,43.35,+1.35,176
2023-10-25,"68,626","3,003,144",43.40,44.00,43.40,43.85,+0.50,79
2023-10-26,"102,048","4,417,950",43.00,44.05,43.00,43.10,-0.75,106
2023-10-27,"56,077","2,447,672",43.75,44.10,43.10,43.10, 0.00,77
2023-10-30,"37,136","1,599,946",43.70,43.70,42.50,43.30,+0.20,102
2023-10-31,"88,827","3,835,598",43.30,43.60,42.70,43.00,-0.30,144
2023-11-01,"700,739","32,137,561",43.70,46.90,43.70,46.20,+3.20,652
2023-11-02,"392,959","17,830,937",45.85,46.20,44.40,45.25,-0.95,562
2023-11-03,"134,895","6,086,483",45.40,46.00,44.80,44.80,-0.45,195
2023-11-06,"1,015,716","49,173,629",46.20,49.25,45.80,49.25,+4.45,752
2023-11-07,"3,309,066","173,686,744",49.50,54.10,49.30,54.10,+4.85,"2,470"
2023-11-08,"6,244,514","347,762,621",56.00,59.30,53.90,55.80,+1.70,"4,563"
2023-11-09,"2,121,355","118,549,363",55.70,57.50,54.50,56.40,+0.60,"1,690"
2023-11-10,"4,219,448","241,446,945",54.00,59.50,54.00,56.00,-0.40,"3,286"
2023-11-13,"1,417,910","78,721,132",56.10,57.30,54.50,55.30,-0.70,"1,130"
2023-11-14,"579,966","31,699,558",54.80,55.40,54.30,54.30,-1.00,606
2023-11-15,"455,772","24,682,927",54.70,55.10,53.50,53.50,-0.80,505
2023-11-16,"2,795,188","162,065,118",55.60,58.80,55.20,58.80,+5.30,"1,853"
2023-11-17,"2,749,052","174,677,324",60.60,64.60,60.50,64.60,+5.80,"1,525"
2023-11-20,"5,833,986","369,059,086",60.20,66.50,59.80,66.00,+1.40,"4,065"
2023-11-21,"2,336,319","152,166,582",66.70,66.70,63.90,63.90,-2.10,"1,929"
2023-11-22,"4,282,074","286,984,020",66.00,70.00,64.30,66.70,+2.80,"3,120"
2023-11-23,"4,459,782","307,834,604",67.00,71.50,65.80,70.60,+3.90,"3,391"
2023-11-24,"3,033,826","201,747,561",66.80,68.60,63.70,64.50,-6.10,"2,339"
2023-11-27,"1,969,859","121,796,158",63.60,64.40,60.00,61.20,-3.30,"1,682"
2023-11-28,"1,062,634","65,388,107",61.20,62.50,60.90,61.70,+0.50,993
2023-11-29,"530,434","32,486,688",61.00,62.30,60.70,60.80,-0.90,521
2023-11-30,"658,501","40,797,483",61.50,63.10,60.90,60.90,+0.10,670
2023-12-01,"389,714","23,817,633",60.90,61.90,60.60,60.90, 0.00,337
2023-12-04,"468,899","28,678,405",60.80,62.20,60.40,61.00,+0.10,394
2023-12-05,"717,310","41,979,269",61.60,61.60,57.10,57.10,-3.90,686
2023-12-06,"809,340","48,055,854",57.60,60.60,57.50,59.50,+2.40,799
2023-12-07,"524,391","31,584,292",60.60,61.20,59.00,60.50,+1.00,504
2023-12-08,"280,122","16,791,967",61.00,61.00,59.30,59.50,-1.00,544
2023-12-11,"228,455","13,617,990",59.70,60.40,59.00,59.00,-0.50,214
2023-12-12,"257,210","14,905,807",60.30,60.30,57.40,57.90,-1.10,365
2023-12-13,"208,143","12,167,131",58.50,59.20,58.00,58.50,+0.60,304
2023-12-14,"231,053","13,548,973",59.00,59.30,58.00,58.00,-0.50,355
2023-12-15,"174,104","10,089,742",58.20,58.90,57.20,57.50,-0.50,209
2023-12-18,"189,512","10,837,385",57.20,58.00,56.70,57.10,-0.40,215
2023-12-19,"208,535","11,835,762",56.60,57.40,56.10,57.20,+0.10,183
2023-12-20,"915,817","54,458,675",57.20,60.70,57.20,59.20,+2.00,825
2023-12-21,"218,670","12,726,440",58.50,59.00,56.50,58.00,-1.20,310
2023-12-22,"160,621","9,283,133",58.40,58.50,57.30,58.50,+0.50,146
2023-12-25,"159,122","9,329,192",59.10,59.40,58.00,58.00,-0.50,158
2023-12-26,"113,198","6,581,683",58.10,59.10,57.60,58.50,+0.50,112
2023-12-27,"184,608","10,827,795",58.70,59.00,58.30,58.50, 0.00,176
2023-12-28,"177,314","10,302,094",59.40,59.40,57.80,57.80,-0.70,279
2023-12-29,"3,127,398","194,946,730",58.30,63.50,58.30,63.00,+5.20,"2,357"
2024-01-02,"3,087,865","195,565,736",63.40,65.50,61.60,64.00,+1.00,"2,405"
2024-01-03,"1,862,574","120,183,687",62.50,67.00,62.50,62.70,-1.30,"1,486"
2024-01-04,"658,119","40,306,976",62.70,62.90,60.50,60.80,-1.90,646
2024-01-05,"749,379","46,586,428",61.20,63.50,61.00,61.30,+0.50,680
2024-01-08,"1,361,827","86,559,903",63.00,64.60,62.30,63.10,+1.80,"1,152"
2024-01-09,"630,077","38,562,755",62.30,62.60,60.50,60.60,-2.50,555
2024-01-10,"298,915","17,971,806",60.40,61.00,59.10,59.70,-0.90,243
2024-01-11,"524,505","32,115,772",60.70,62.70,60.60,60.70,+1.00,451
2024-01-12,"395,443","23,768,679",58.60,61.20,58.60,60.90,+0.20,363
2024-01-15,"557,479","32,545,073",58.30,59.10,58.00,58.10,-2.80,511
2024-01-16,"256,797","14,700,363",58.10,58.60,56.70,57.10,-1.00,279
2024-01-17,"214,526","12,169,326",57.10,57.90,56.00,56.00,-1.10,276
2024-01-18,"169,951","9,496,263",55.80,56.80,55.20,55.20,-0.80,175
2024-01-19,"726,823","38,817,273",51.00,56.40,51.00,56.40,+1.20,475
2024-01-22,"197,538","11,036,729",56.40,56.60,55.00,55.00,-1.40,292
2024-01-23,"121,787","6,686,429",56.20,56.20,54.50,54.60,-0.40,135
2024-01-24,"199,385","11,113,180",54.30,56.30,54.30,55.50,+0.90,197
2024-01-25,"132,834","7,298,964",55.80,55.90,54.50,54.50,-1.00,165
2024-01-26,"1,076,597","61,194,615",55.10,59.00,55.10,55.40,+0.90,853
2024-01-29,"547,305","31,063,489",56.20,58.00,56.10,56.40,+1.00,442
2024-01-30,"201,110","11,303,701",57.00,57.00,55.70,55.80,-0.60,464
2024-01-31,"226,558","12,736,657",56.20,57.80,55.80,55.80, 0.00,201
2024-02-01,"101,737","5,717,650",56.80,56.80,55.00,56.40,+0.60,110
2024-02-02,"257,718","14,520,577",57.20,57.60,55.60,55.60,-0.80,188
2024-02-05,"107,714","5,958,012",55.60,55.70,55.00,55.60, 0.00,120
2024-02-15,"376,957","19,624,171",52.30,53.10,51.30,51.70,-3.90,349
2024-02-16,"284,636","14,537,425",51.70,52.10,50.50,51.00,-0.70,312
2024-02-19,"147,912","7,618,757",50.90,52.00,50.90,51.60,+0.60,138
2024-02-20,"243,484","12,199,074",51.20,51.20,49.65,49.80,-1.80,267
2024-02-21,"160,063","7,978,977",49.25,50.30,49.25,49.80, 0.00,144
2024-02-22,"147,928","7,331,384",50.00,50.00,49.35,49.50,-0.30,153
2024-02-23,"138,428","6,777,632",49.50,49.50,48.70,48.80,-0.70,205
2024-02-26,"104,966","5,169,557",48.80,49.60,48.75,49.50,+0.70,102
2024-02-27,"117,270","5,733,428",49.45,49.45,48.55,48.65,-0.85,161
2024-02-29,"68,215","3,334,440",49.00,49.15,48.55,49.10,+0.45,92
2024-03-01,"71,329","3,515,896",49.10,49.55,48.90,49.10, 0.00,109
2024-03-04,"72,688","3,578,950",49.10,49.50,49.00,49.30,+0.20,99
2024-03-05,"87,844","4,364,879",49.50,49.90,49.45,49.90,+0.60,289
2024-03-06,"112,294","5,641,355",49.70,50.80,49.70,50.00,+0.10,120
2024-03-07,"90,629","4,499,203",50.90,50.90,49.15,49.80,-0.20,113
2024-03-08,"154,093","7,620,546",49.70,50.40,49.20,49.20,-0.60,122
2024-03-11,"535,448","27,566,690",50.00,52.50,50.00,51.70,+2.50,450
2024-03-12,"377,595","19,966,695",52.40,53.80,52.20,52.50,+0.80,299
2024-03-13,"139,154","7,155,422",52.50,53.00,50.80,51.10,-1.40,146
2024-03-14,"155,785","7,964,098",52.00,52.00,50.40,51.70,+0.60,127
2024-03-15,"387,044","20,302,420",52.10,53.50,51.00,51.10,-0.60,546
2024-03-18,"106,609","5,394,436",51.30,51.30,50.30,50.40,-0.70,113
2024-03-19,"70,972","3,581,537",50.70,50.80,50.20,50.30,-0.10,83
2024-03-20,"141,936","7,085,521",50.80,50.80,49.70,49.70,-0.60,143
2024-03-21,"54,316","2,717,060",51.00,51.00,49.80,49.85,+0.15,66
2024-03-22,"114,754","5,733,803",50.20,50.70,49.45,50.40,+0.55,113
2024-03-25,"145,519","7,420,148",51.40,51.40,50.40,50.60,+0.20,255
2024-03-26,"148,038","7,566,579",51.50,51.70,50.40,50.60, 0.00,224
2024-03-27,"326,462","17,022,607",50.60,52.70,50.60,52.70,+2.10,294
2024-03-28,"381,634","20,315,799",53.40,54.40,52.60,53.00,+0.30,366
2024-03-29,"196,539","10,361,101",54.00,54.00,51.90,52.00,-1.00,220
2024-04-01,"324,828","17,403,113",52.50,54.80,52.50,53.60,+1.60,321
2024-04-02,"152,103","8,120,237",53.20,53.70,52.90,53.50,-0.10,160
2024-04-03,"269,617","14,468,394",54.40,54.80,53.20,53.20,-0.30,428
2024-04-08,"692,738","38,435,570",54.10,57.00,54.00,55.90,+2.70,610
2024-04-09,"426,917","24,036,266",56.90,57.00,55.60,56.60,+0.70,402
2024-04-10,"384,639","21,925,900",56.90,57.50,56.40,57.30,+0.70,471
2024-04-11,"2,113,534","129,366,882",59.90,62.50,58.40,62.50,+5.20,"1,750"
2024-04-12,"1,093,408","66,332,916",62.30,62.80,59.50,60.90,-1.60,"1,039"
2024-04-15,"422,888","25,308,390",60.80,61.40,59.20,59.30,-1.60,552
2024-04-16,"407,951","23,450,853",59.90,59.90,55.70,57.00,-2.30,696
2024-04-17,"258,804","14,978,749",58.50,58.50,57.10,57.80,+0.80,337
2024-04-18,"190,991","11,087,341",58.10,58.80,56.90,58.20,+0.40,300
2024-04-19,"258,176","14,790,498",57.30,59.30,56.20,56.90,-1.30,357
2024-04-22,"275,200","16,037,853",58.80,58.90,57.50,58.30,+1.40,298
2024-04-23,"1,198,806","73,160,336",58.90,63.00,58.90,59.90,+1.60,995
2024-04-24,"1,241,201","76,383,382",60.30,62.90,58.60,62.50,+2.60,"1,049"
2024-04-25,"3,168,098","206,482,379",63.80,67.20,62.50,62.80,+0.30,"3,481"
2024-04-26,"816,365","50,868,318",61.60,63.90,61.10,62.00,-0.80,"1,008"
2024-04-29,"1,142,721","73,581,086",67.00,67.00,62.70,63.50,+1.50,"1,003"
2024-04-30,"505,335","31,759,358",63.20,64.00,62.00,63.20,-0.30,627
2024-05-02,"1,193,662","77,532,499",63.40,66.20,62.90,65.40,+2.20,"1,028"
2024-05-03,"685,329","44,328,171",66.00,66.50,63.50,63.70,-1.70,975
2024-05-06,"525,091","33,498,501",64.20,64.90,62.70,62.70,-1.00,582
2024-05-07,"487,752","29,825,552",63.10,63.20,60.30,60.60,-2.10,598
2024-05-08,"209,677","12,772,407",61.30,61.80,60.50,60.80,+0.20,311
2024-05-09,"244,894","15,001,645",61.40,62.00,60.60,60.60,-0.20,263
2024-05-10,"220,909","13,516,793",61.30,61.70,60.20,61.70,+1.10,270
2024-05-13,"377,231","22,635,256",61.50,61.50,59.50,60.00,-1.70,359
2024-05-14,"269,015","16,369,765",60.50,61.80,60.10,60.20,+0.20,233
2024-05-15,"126,383","7,668,026",61.10,61.10,60.30,60.50,+0.30,177
2024-05-16,"1,359,292","85,728,343",62.00,64.90,61.20,63.00,+2.50,"1,103"
2024-05-17,"306,263","19,001,104",63.00,63.30,61.60,62.40,-0.60,614
2024-05-20,"1,251,447","78,883,349",63.20,66.00,61.20,61.40,-1.00,"1,048"
2024-05-21,"761,032","45,029,449",60.00,60.50,58.00,58.60,-2.80,983
2024-05-22,"295,080","17,276,775",58.50,59.50,58.00,58.10,-0.50,295
2024-05-23,"417,459","23,725,532",58.00,58.40,56.00,56.40,-1.70,455
2024-05-24,"253,779","14,268,871",55.10,57.70,54.70,57.40,+1.00,240
2024-05-27,"153,640","8,783,351",57.40,57.60,56.60,57.40, 0.00,162
2024-05-28,"2,200,456","135,913,969",58.60,63.10,58.60,63.10,+5.70,"1,690"
2024-05-29,"6,048,209","415,596,041",68.50,69.40,67.00,69.40,+6.30,"3,737"
2024-05-30,"2,378,765","152,600,320",66.00,66.50,62.50,62.50,-6.90,"1,919"
2024-05-31,"2,261,002","136,463,849",62.80,62.80,58.10,59.20,-3.30,"1,950"
2024-06-03,"509,516","30,080,833",60.00,60.40,58.40,58.80,-0.40,580
2024-06-04,"328,600","19,492,918",59.50,59.80,58.70,59.20,+0.40,303
2024-06-05,"213,700","12,596,697",59.60,59.70,58.50,58.90,-0.30,217
2024-06-06,"267,768","15,818,174",59.00,59.60,58.70,58.80,-0.10,232
2024-06-07,"345,316","20,624,704",58.80,60.40,58.80,59.50,+0.70,343
2024-06-11,"256,349","15,003,202",59.50,59.50,58.10,58.10,-1.40,475
2024-06-12,"189,028","10,901,373",57.60,58.30,57.10,58.00,-0.10,180
2024-06-13,"126,386","7,354,775",58.30,59.00,57.90,58.20,+0.20,137
2024-06-14,"238,856","14,060,848",58.50,59.30,58.50,59.30,+1.10,215
2024-06-17,"185,665","11,057,904",58.90,60.20,58.90,59.20,-0.10,205
2024-06-18,"129,643","7,649,602",59.20,59.90,58.60,58.80,-0.40,168
2024-06-19,"170,830","9,988,605",58.80,59.00,58.30,58.40,-0.40,175
2024-06-20,"117,931","6,893,971",58.30,58.80,58.20,58.50,+0.10,148
2024-06-21,"248,934","14,674,579",58.90,59.80,58.20,58.30,-0.20,345
2024-06-24,"243,846","14,067,369",58.30,59.00,57.00,57.40,-0.90,322
2024-06-25,"189,561","10,772,607",57.30,57.30,56.50,57.00,-0.40,268
2024-06-26,"177,215","10,074,661",57.40,57.60,56.60,56.60,-0.40,229
2024-06-27,"184,632","10,323,366",56.50,56.50,55.70,55.70,-0.90,271
2024-06-28,"197,637","11,011,892",55.50,56.20,55.30,55.70, 0.00,199
2024-07-01,"174,260","9,870,701",56.00,57.20,56.00,57.20,+1.50,167
2024-07-02,"138,707","7,918,183",58.20,58.20,56.50,56.50,-0.70,161
2024-07-03,"116,138","6,551,269",56.50,56.90,56.10,56.20,-0.30,117
2024-07-04,"261,279","14,647,985",56.40,56.50,55.60,55.70,-0.50,198
2024-07-05,"123,090","6,879,319",56.80,56.80,55.60,55.90,+0.20,128
2024-07-08,"295,371","16,378,885",56.00,56.00,55.00,55.50,-0.40,249
2024-07-09,"263,233","14,706,583",56.30,57.00,54.90,54.90,-0.60,240
2024-07-10,"222,912","12,408,208",55.30,56.50,54.90,55.90,+1.00,213
2024-07-11,"184,335","10,203,556",56.00,56.20,55.00,55.10,-0.80,171
2024-07-12,"118,265","6,516,654",54.50,55.40,54.50,55.30,+0.20,129
2024-07-15,"130,996","7,205,274",55.70,55.80,54.60,55.00,-0.30,162
2024-07-16,"426,889","22,418,101",53.50,53.70,52.00,52.20,X0.00,443
2024-07-17,"199,677","10,561,514",52.60,53.80,52.40,52.40,+0.20,179
2024-07-18,"127,097","6,552,723",52.40,52.40,51.20,51.20,-1.20,190
2024-07-19,"210,701","10,554,296",51.20,51.20,49.80,49.90,-1.30,238
2024-07-22,"244,937","11,808,415",50.00,50.00,47.15,48.05,-1.85,276
2024-07-23,"157,096","7,664,159",48.50,49.25,48.40,48.55,+0.50,232
2024-07-26,"166,495","7,848,026",47.30,48.05,46.30,46.85,-1.70,242
2024-07-29,"153,763","7,221,213",46.90,47.55,46.55,46.95,+0.10,155
2024-07-30,"166,495","7,773,388",47.00,47.40,46.10,46.80,-0.15,174
2024-07-31,"59,805","2,793,454",47.20,47.20,46.30,46.70,-0.10,91
2024-08-01,"82,679","3,951,198",46.70,48.55,46.70,47.75,+1.05,89
2024-08-02,"100,194","4,676,558",47.75,47.75,46.05,46.05,-1.70,132
2024-08-05,"420,139","17,573,144",42.30,42.60,41.45,41.45,-4.60,356
2024-08-06,"401,633","15,767,003",39.70,41.35,37.35,39.15,-2.30,346
2024-08-07,"151,260","6,311,097",39.50,42.55,39.50,42.30,+3.15,201
2024-08-08,"105,888","4,313,778",41.45,41.45,39.90,40.90,-1.40,154
2024-08-09,"124,545","5,173,885",41.40,42.20,40.40,41.65,+0.75,172
2024-08-12,"42,669","1,800,386",41.80,42.65,41.80,42.20,+0.55,58
2024-08-13,"50,958","2,128,136",42.00,42.15,41.35,41.75,-0.45,200
2024-08-14,"83,888","3,509,723",42.15,42.30,41.20,41.65,-0.10,115
2024-08-15,"73,368","3,078,349",42.30,42.30,41.60,42.00,+0.35,60
2024-08-16,"65,397","2,785,371",42.95,42.95,41.90,42.55,+0.55,78
2024-08-19,"56,114","2,364,452",42.00,42.50,41.80,42.00,-0.55,130
2024-08-20,"115,076","4,755,997",41.95,41.95,40.90,40.90,-1.10,250
2024-08-21,"86,705","3,565,229",40.85,41.50,40.75,41.25,+0.35,89
2024-08-22,"41,873","1,727,201",41.25,41.50,40.90,41.40,+0.15,58
2024-08-23,"392,714","16,676,281",41.25,44.40,40.55,41.45,+0.05,360
2024-08-26,"165,570","6,947,257",41.55,42.30,41.45,41.90,+0.45,142
2024-08-27,"67,100","2,783,926",42.00,42.00,41.05,41.50,-0.40,388
2024-08-28,"50,394","2,094,105",41.55,41.70,41.35,41.55,+0.05,53
2024-08-29,"23,716","986,710",42.15,42.15,41.45,41.55, 0.00,32
2024-08-30,"62,699","2,639,220",41.55,42.45,41.55,42.25,+0.70,58
2024-09-02,"54,133","2,291,023",42.50,42.65,41.90,42.10,-0.15,64
2024-09-03,"38,284","1,598,796",42.10,42.10,41.60,41.85,-0.25,48
2024-09-04,"270,303","10,827,234",40.10,40.60,39.45,39.50,-2.35,215
2024-09-05,"86,239","3,427,860",40.45,40.45,39.40,39.40,-0.10,79
2024-09-06,"39,235","1,539,804",39.05,39.80,38.80,39.20,-0.20,63
2024-09-09,"120,945","4,606,468",37.45,39.25,37.45,37.95,-1.25,113
2024-09-10,"61,859","2,351,758",38.80,38.80,37.50,38.45,+0.50,181
2024-09-11,"39,961","1,529,795",37.70,38.85,37.70,38.30,-0.15,115
2024-09-12,"158,931","6,377,953",38.60,41.00,38.60,41.00,+2.70,375
2024-09-13,"82,310","3,387,586",41.90,42.45,40.45,40.75,-0.25,333
2024-09-16,"17,488","708,131",40.90,40.90,40.20,40.20,-0.55,147
2024-09-18,"32,925","1,324,859",40.85,40.85,39.85,40.20, 0.00,134
2024-09-19,"74,927","3,054,410",40.55,41.60,40.10,40.85,+0.65,151
2024-09-20,"51,489","2,103,444",41.00,41.30,40.30,40.85, 0.00,62
2024-09-23,"135,094","5,562,964",40.85,41.90,40.25,41.80,+0.95,145
2024-09-24,"76,737","3,236,884",41.80,42.60,41.65,42.25,+0.45,212
2024-09-25,"154,222","6,601,553",42.25,43.10,42.25,42.60,+0.35,276
2024-09-26,"157,497","6,896,182",42.90,46.00,42.65,44.80,+2.20,220
2024-09-27,"146,895","6,428,755",44.80,44.90,43.30,43.35,-1.45,361
2024-09-30,"71,088","3,038,051",43.30,43.30,42.50,42.50,-0.85,200
2024-10-01,"79,047","3,370,556",42.55,43.20,42.30,43.05,+0.55,87
2024-10-04,"197,609","8,009,051",41.30,41.50,39.80,40.20,-2.85,642
2024-10-07,"78,570","3,177,286",40.90,40.90,40.05,40.25,+0.05,75
2024-10-08,"35,895","1,437,774",40.60,40.60,39.80,40.10,-0.15,130
2024-10-09,"43,581","1,735,407",40.20,40.20,39.70,39.70,-0.40,59
2024-10-11,"77,116","3,109,645",40.55,40.70,40.00,40.00,+0.30,72
2024-10-14,"67,743","2,707,308",40.00,40.25,39.75,39.90,-0.10,130
2024-10-15,"39,130","1,576,886",40.80,40.80,40.05,40.25,+0.35,52
2024-10-16,"80,109","3,241,527",40.30,41.05,39.90,40.85,+0.60,139
2024-10-17,"122,237","5,115,409",40.30,42.50,40.30,41.85,+1.00,114
2024-10-18,"99,039","4,105,798",41.40,42.40,40.80,40.90,-0.95,114
2024-10-21,"55,173","2,257,636",41.65,41.65,40.55,40.65,-0.25,113
2024-10-22,"37,072","1,507,834",41.25,41.25,40.50,40.60,-0.05,84
2024-10-23,"86,362","3,533,826",41.00,41.30,40.50,40.60, 0.00,79
2024-10-24,"64,721","2,611,852",41.10,41.10,40.05,40.10,-0.50,66
2024-10-25,"66,168","2,645,021",40.30,40.50,39.70,39.85,-0.25,76
2024-10-28,"89,319","3,616,125",41.20,41.20,40.10,40.40,+0.55,81
2024-10-29,"44,279","1,757,945",40.40,40.40,39.25,39.45,-0.95,55
2024-10-30,"145,821","5,670,317",39.45,39.60,38.50,39.00,-0.45,151
2024-11-01,"79,231","3,134,243",40.10,40.10,38.60,39.90,+0.90,68
2024-11-04,"29,564","1,165,771",39.60,39.60,39.25,39.30,-0.60,56
2024-11-05,"28,364","1,109,299",39.80,39.80,38.85,39.05,-0.25,142
2024-11-06,"79,774","3,092,348",39.50,39.50,38.25,38.95,-0.10,104
2024-11-07,"72,658","2,855,514",39.00,39.80,38.95,39.25,+0.30,68
2024-11-08,"95,034","3,708,273",39.00,39.60,38.70,39.00,-0.25,113
2024-11-11,"53,866","2,100,072",38.55,39.20,38.50,39.00, 0.00,72
2024-11-12,"118,644","4,574,474",38.90,38.90,38.10,38.90,-0.10,136
2024-11-13,"139,272","5,365,586",38.90,39.00,38.10,38.90, 0.00,119
2024-11-14,"182,565","7,014,888",38.90,39.05,37.45,38.90, 0.00,172
2024-11-15,"178,919","6,952,726",38.90,39.10,38.35,38.95,+0.05,139
2024-11-18,"212,068","8,135,491",38.95,39.20,37.70,38.40,-0.55,222
2024-11-19,"102,857","3,952,667",38.20,39.05,37.95,38.70,+0.30,90
2024-11-20,"86,607","3,347,992",38.60,39.15,38.50,38.50,-0.20,80
2024-11-21,"139,577","5,463,084",39.40,39.60,38.40,38.55,+0.05,173
2024-11-22,"191,424","7,347,661",38.20,39.35,38.00,38.00,-0.55,202
2024-11-25,"2,956,689","102,322,353",36.00,36.00,34.20,34.25,-3.75,"2,119"
2024-11-26,"972,093","32,359,059",33.30,34.20,32.55,33.70,-0.55,796
2024-11-27,"570,385","18,891,623",33.60,33.65,32.75,33.00,-0.70,557
2024-11-28,"390,039","12,635,502",32.65,32.95,32.20,32.20,-0.80,378
2024-11-29,"424,341","13,453,931",31.85,32.50,30.50,32.50,+0.30,384
2024-12-02,"132,354","4,274,911",32.00,32.60,32.00,32.25,-0.25,167
2024-12-03,"347,574","11,265,885",32.30,32.80,31.80,32.80,+0.55,293
2024-12-04,"216,076","7,189,693",32.90,33.60,32.80,33.55,+0.75,356
2024-12-05,"107,736","3,596,553",33.55,33.55,32.90,33.55, 0.00,142
2024-12-06,"138,564","4,671,596",33.55,33.85,33.55,33.60,+0.05,124
2024-12-09,"130,997","4,339,348",33.80,33.80,32.75,33.20,-0.40,225
2024-12-10,"136,760","4,534,161",33.15,33.40,32.70,33.25,+0.05,154
2024-12-11,"116,944","3,893,689",33.25,33.60,33.00,33.30,+0.05,139
2024-12-12,"78,514","2,597,349",33.35,33.35,32.90,32.90,-0.40,72
2024-12-13,"163,917","5,317,004",32.65,32.95,32.00,32.60,-0.30,349
2024-12-16,"151,515","4,883,008",32.30,32.75,32.00,32.40,-0.20,142
2024-12-17,"283,185","9,393,604",32.25,34.20,32.10,33.05,+0.65,326
2024-12-18,"3,871,895","136,858,285",34.90,36.35,33.50,33.75,+0.70,"2,621"
2024-12-19,"782,073","26,477,521",33.50,34.65,33.20,33.40,-0.35,694
2024-12-20,"592,009","20,055,208",33.20,34.40,33.00,34.15,+0.75,434
2024-12-23,"459,831","15,750,549",34.30,35.00,33.75,34.10,-0.05,367
2024-12-24,"254,760","8,610,214",34.10,34.20,33.50,33.65,-0.45,282
2024-12-25,"181,103","6,114,421",33.90,34.05,33.40,33.80,+0.15,156
2024-12-26,"206,346","6,963,780",34.00,34.00,33.40,33.90,+0.10,249
2024-12-27,"187,785","6,355,873",33.60,34.15,33.50,34.00,+0.10,125
2024-12-30,"253,573","8,678,947",33.90,34.55,33.75,34.30,+0.30,183
2024-12-31,"204,033","6,904,484",34.30,34.30,33.50,33.90,-0.40,175
2025-01-02,"1,596,785","56,256,567",34.60,36.30,34.10,34.15,+0.25,"1,182"
2025-01-03,"428,597","14,519,212",34.50,34.75,33.15,33.85,-0.30,434
2025-01-06,"193,465","6,525,449",33.95,34.00,33.50,33.80,-0.05,194
2025-01-07,"207,495","6,921,721",33.80,33.85,33.10,33.30,-0.50,202
2025-01-08,"137,916","4,547,594",33.15,33.20,32.80,32.85,-0.45,136
2025-01-09,"244,860","7,860,861",32.50,32.50,31.50,31.65,-1.20,222
2025-01-10,"214,464","6,648,138",30.90,31.30,30.60,30.90,-0.75,241
2025-01-13,"206,318","6,213,726",30.70,30.75,29.85,30.40,-0.50,255
2025-01-14,"90,395","2,767,256",30.80,31.00,30.40,30.90,+0.50,98
2025-01-15,"56,500","1,748,815",31.25,31.25,30.85,30.90, 0.00,65
2025-01-16,"101,522","3,143,944",31.20,31.35,30.80,30.85,-0.05,130
2025-01-17,"1,397,660","46,629,454",32.15,33.90,32.15,33.90,+3.05,"1,080"
2025-01-20,"3,124,308","111,756,546",36.05,37.20,34.75,36.20,+2.30,"2,401"
2025-01-21,"510,011","17,999,487",35.30,35.70,35.00,35.30,-0.90,518
2025-01-22,"325,669","11,609,743",35.45,35.95,35.40,35.70,+0.40,496
2025-02-03,"353,013","12,339,222",35.50,36.40,34.05,34.40,-1.30,406
2025-02-04,"220,934","7,377,609",34.00,34.45,32.80,32.80,-1.60,361
2025-02-05,"117,484","3,944,205",33.25,34.00,32.90,33.95,+1.15,173
2025-02-06,"102,681","3,468,408",33.40,34.15,33.40,33.95, 0.00,84
2025-02-07,"68,241","2,308,534",34.20,34.20,33.70,33.95, 0.00,87
2025-02-10,"141,795","4,838,763",34.60,34.60,33.60,33.85,-0.10,102
2025-02-11,"179,800","6,227,357",34.15,35.00,34.05,34.75,+0.90,210
2025-02-12,"147,752","5,148,805",35.00,35.25,34.45,34.90,+0.15,148
2025-02-13,"98,504","3,423,357",35.00,35.20,34.50,34.75,-0.15,276
2025-02-14,"95,929","3,322,747",34.75,34.85,34.50,34.55,-0.20,116
2025-02-17,"269,977","9,261,869",34.20,34.70,33.95,34.30,-0.25,278
2025-02-18,"259,779","8,995,059",34.30,35.00,34.30,35.00,+0.70,199
2025-02-19,"264,790","9,337,690",35.45,35.60,34.80,35.20,+0.20,311
2025-02-20,"271,395","9,511,821",35.00,35.40,34.65,35.00,-0.20,202
2025-02-21,"232,310","8,144,675",35.00,35.20,34.80,35.10,+0.10,172
2025-02-24,"65,226","2,285,567",35.10,35.35,34.90,35.05,-0.05,68
2025-02-25,"65,984","2,300,375",34.90,35.10,34.50,35.10,+0.05,86
2025-02-26,"85,576","2,992,552",35.10,35.30,34.75,34.95,-0.15,146
2025-02-27,"89,822","3,133,704",34.95,35.25,34.60,34.60,-0.35,83
2025-03-03,"222,922","7,621,464",35.00,35.00,33.95,34.00,-0.60,120
2025-03-04,"94,122","3,166,841",33.40,34.20,33.20,34.05,+0.05,88
2025-03-05,"88,317","3,029,309",34.20,34.60,33.80,34.50,+0.45,86
2025-03-06,"85,457","2,958,996",34.50,34.90,34.45,34.50, 0.00,85
2025-03-07,"63,289","2,174,626",34.55,34.55,34.15,34.15,-0.35,64
2025-03-10,"174,547","5,833,745",33.45,34.45,33.20,33.30,-0.85,216
2025-03-11,"206,537","6,688,831",32.75,32.80,31.85,32.50,-0.80,149
2025-03-12,"104,479","3,370,212",32.40,32.50,32.05,32.10,-0.40,159
2025-03-13,"145,405","4,655,042",32.10,32.50,31.80,31.80,-0.30,122
2025-03-14,"174,153","5,406,647",31.30,31.40,30.80,31.10,-0.70,187
2025-03-17,"171,407","5,295,917",31.00,31.35,30.65,31.00,-0.10,154
2025-03-18,"74,906","2,339,227",31.30,31.50,31.10,31.35,+0.35,70
2025-03-19,"56,453","1,755,630",31.10,31.40,31.00,31.25,-0.10,73
2025-03-20,"85,653","2,692,775",31.25,32.30,31.10,32.05,+0.80,76
2025-03-21,"52,178","1,668,763",32.05,32.25,31.75,32.00,-0.05,49
2025-03-24,"79,713","2,525,903",32.65,32.65,31.55,31.55,-0.45,71
2025-03-25,"80,281","2,509,545",31.40,31.60,31.00,31.00,-0.55,57
2025-03-26,"67,273","2,121,353",32.00,32.00,31.40,31.70,+0.70,48
2025-03-27,"40,552","1,270,052",31.50,31.50,31.15,31.20,-0.50,43
2025-03-28,"141,260","4,306,202",30.85,30.85,30.20,30.35,-0.85,109
2025-03-31,"188,171","5,503,677",30.20,30.20,28.80,29.10,-1.25,183
